[07:37:22] Run 20261008T073703Z started. Output: /Users/wikiwoo/DriftFinder/experiment-runs/20261008T073703Z
[07:37:22] Results are uploaded to s3://driftfinder-results-575108919391/20261008T073703Z/
[07:37:22] $ terraform init -input=false -no-color
Initializing the backend...
Initializing provider plugins...
- Reusing previous version of hashicorp/aws from the dependency lock file
- Installing hashicorp/aws v5.63.1...
- Installed hashicorp/aws v5.63.1 (unauthenticated)

Terraform has been successfully initialized!
[07:37:28] $ terraform apply -auto-approve -input=false -no-color

Terraform used the selected providers to generate the following execution
plan. Resource actions are indicated with the following symbols:
  + create

Terraform will perform the following actions:

  # aws_cloudtrail.driftfinder_test will be created
  + resource "aws_cloudtrail" "driftfinder_test" {
      + arn                           = (known after apply)
      + cloud_watch_logs_group_arn    = (known after apply)
      + cloud_watch_logs_role_arn     = (known after apply)
      + enable_log_file_validation    = true
      + enable_logging                = true
      + home_region                   = (known after apply)
      + id                            = (known after apply)
      + include_global_service_events = true
      + is_multi_region_trail         = true
      + is_organization_trail         = false
      + kms_key_id                    = (known after apply)
      + name                          = "driftfinder-trail-test"
      + s3_bucket_name                = "driftfinder-ct-logs-575108919391-tf"
      + tags                          = {
          + "Environment" = "driftfinder-experiment"
          + "IaCTool"     = "terraform"
          + "Name"        = "driftfinder-trail-test"
        }
      + tags_all                      = {
          + "Environment" = "driftfinder-experiment"
          + "IaCTool"     = "terraform"
          + "Name"        = "driftfinder-trail-test"
        }
    }

  # aws_cloudwatch_log_group.cloudtrail will be created
  + resource "aws_cloudwatch_log_group" "cloudtrail" {
      + arn               = (known after apply)
      + id                = (known after apply)
      + log_group_class   = (known after apply)
      + name              = "/driftfinder/cloudtrail-tf"
      + name_prefix       = (known after apply)
      + retention_in_days = 7
      + skip_destroy      = false
      + tags_all          = (known after apply)
    }

  # aws_cloudwatch_log_group.flow_logs will be created
  + resource "aws_cloudwatch_log_group" "flow_logs" {
      + arn               = (known after apply)
      + id                = (known after apply)
      + log_group_class   = (known after apply)
      + name              = "/driftfinder/vpc-flow-logs-tf"
      + name_prefix       = (known after apply)
      + retention_in_days = 7
      + skip_destroy      = false
      + tags_all          = (known after apply)
    }

  # aws_db_instance.driftfinder_test will be created
  + resource "aws_db_instance" "driftfinder_test" {
      + address                               = (known after apply)
      + allocated_storage                     = 20
      + apply_immediately                     = false
      + arn                                   = (known after apply)
      + auto_minor_version_upgrade            = true
      + availability_zone                     = (known after apply)
      + backup_retention_period               = 7
      + backup_target                         = (known after apply)
      + backup_window                         = (known after apply)
      + ca_cert_identifier                    = (known after apply)
      + character_set_name                    = (known after apply)
      + copy_tags_to_snapshot                 = false
      + db_name                               = (known after apply)
      + db_subnet_group_name                  = "driftfinder-rds-subnet-group-tf"
      + dedicated_log_volume                  = false
      + delete_automated_backups              = true
      + deletion_protection                   = false
      + domain_fqdn                           = (known after apply)
      + endpoint                              = (known after apply)
      + engine                                = "mysql"
      + engine_lifecycle_support              = (known after apply)
      + engine_version                        = "8.4"
      + engine_version_actual                 = (known after apply)
      + hosted_zone_id                        = (known after apply)
      + id                                    = (known after apply)
      + identifier                            = "driftfinder-rds-test"
      + identifier_prefix                     = (known after apply)
      + instance_class                        = "db.t3.micro"
      + iops                                  = (known after apply)
      + kms_key_id                            = (known after apply)
      + latest_restorable_time                = (known after apply)
      + license_model                         = (known after apply)
      + listener_endpoint                     = (known after apply)
      + maintenance_window                    = (known after apply)
      + master_user_secret                    = (known after apply)
      + master_user_secret_kms_key_id         = (known after apply)
      + monitoring_interval                   = 0
      + monitoring_role_arn                   = (known after apply)
      + multi_az                              = false
      + nchar_character_set_name              = (known after apply)
      + network_type                          = (known after apply)
      + option_group_name                     = (known after apply)
      + parameter_group_name                  = (known after apply)
      + password                              = (sensitive value)
      + performance_insights_enabled          = false
      + performance_insights_kms_key_id       = (known after apply)
      + performance_insights_retention_period = (known after apply)
      + port                                  = (known after apply)
      + publicly_accessible                   = false
      + replica_mode                          = (known after apply)
      + replicas                              = (known after apply)
      + resource_id                           = (known after apply)
      + skip_final_snapshot                   = true
      + snapshot_identifier                   = (known after apply)
      + status                                = (known after apply)
      + storage_encrypted                     = true
      + storage_throughput                    = (known after apply)
      + storage_type                          = (known after apply)
      + tags                                  = {
          + "Environment" = "driftfinder-experiment"
          + "IaCTool"     = "terraform"
          + "Name"        = "driftfinder-rds-test"
        }
      + tags_all                              = {
          + "Environment" = "driftfinder-experiment"
          + "IaCTool"     = "terraform"
          + "Name"        = "driftfinder-rds-test"
        }
      + timezone                              = (known after apply)
      + username                              = "admin"
      + vpc_security_group_ids                = (known after apply)
    }

  # aws_db_subnet_group.driftfinder_test will be created
  + resource "aws_db_subnet_group" "driftfinder_test" {
      + arn                     = (known after apply)
      + description             = "Managed by Terraform"
      + id                      = (known after apply)
      + name                    = "driftfinder-rds-subnet-group-tf"
      + name_prefix             = (known after apply)
      + subnet_ids              = (known after apply)
      + supported_network_types = (known after apply)
      + tags                    = {
          + "Name" = "driftfinder-rds-subnet-group-tf"
        }
      + tags_all                = {
          + "Name" = "driftfinder-rds-subnet-group-tf"
        }
      + vpc_id                  = (known after apply)
    }

  # aws_default_network_acl.driftfinder_test will be created
  + resource "aws_default_network_acl" "driftfinder_test" {
      + arn                    = (known after apply)
      + default_network_acl_id = (known after apply)
      + id                     = (known after apply)
      + owner_id               = (known after apply)
      + tags                   = {
          + "Environment" = "driftfinder-experiment"
          + "IaCTool"     = "terraform"
          + "Name"        = "driftfinder-default-nacl-tf"
        }
      + tags_all               = {
          + "Environment" = "driftfinder-experiment"
          + "IaCTool"     = "terraform"
          + "Name"        = "driftfinder-default-nacl-tf"
        }
      + vpc_id                 = (known after apply)

      + egress {
          + action          = "allow"
          + cidr_block      = "0.0.0.0/0"
          + from_port       = 0
          + protocol        = "-1"
          + rule_no         = 100
          + to_port         = 0
            # (1 unchanged attribute hidden)
        }

      + ingress {
          + action          = "allow"
          + cidr_block      = "0.0.0.0/0"
          + from_port       = 1024
          + protocol        = "6"
          + rule_no         = 200
          + to_port         = 65535
            # (1 unchanged attribute hidden)
        }
      + ingress {
          + action          = "allow"
          + cidr_block      = "0.0.0.0/0"
          + from_port       = 443
          + protocol        = "6"
          + rule_no         = 100
          + to_port         = 443
            # (1 unchanged attribute hidden)
        }
    }

  # aws_default_security_group.driftfinder_test will be created
  + resource "aws_default_security_group" "driftfinder_test" {
      + arn                    = (known after apply)
      + description            = (known after apply)
      + egress                 = (known after apply)
      + id                     = (known after apply)
      + ingress                = (known after apply)
      + name                   = (known after apply)
      + name_prefix            = (known after apply)
      + owner_id               = (known after apply)
      + revoke_rules_on_delete = false
      + tags                   = {
          + "Environment" = "driftfinder-experiment"
          + "IaCTool"     = "terraform"
          + "Name"        = "driftfinder-default-sg-tf"
        }
      + tags_all               = {
          + "Environment" = "driftfinder-experiment"
          + "IaCTool"     = "terraform"
          + "Name"        = "driftfinder-default-sg-tf"
        }
      + vpc_id                 = (known after apply)
    }

  # aws_ebs_volume.driftfinder_test will be created
  + resource "aws_ebs_volume" "driftfinder_test" {
      + arn               = (known after apply)
      + availability_zone = "eu-west-1a"
      + encrypted         = true
      + final_snapshot    = false
      + id                = (known after apply)
      + iops              = (known after apply)
      + kms_key_id        = (known after apply)
      + size              = 1
      + snapshot_id       = (known after apply)
      + tags              = {
          + "Environment" = "driftfinder-experiment"
          + "IaCTool"     = "terraform"
          + "Name"        = "driftfinder-ebs-test"
        }
      + tags_all          = {
          + "Environment" = "driftfinder-experiment"
          + "IaCTool"     = "terraform"
          + "Name"        = "driftfinder-ebs-test"
        }
      + throughput        = (known after apply)
      + type              = "gp2"
    }

  # aws_flow_log.driftfinder_test will be created
  + resource "aws_flow_log" "driftfinder_test" {
      + arn                      = (known after apply)
      + iam_role_arn             = (known after apply)
      + id                       = (known after apply)
      + log_destination          = (known after apply)
      + log_destination_type     = "cloud-watch-logs"
      + log_format               = (known after apply)
      + log_group_name           = (known after apply)
      + max_aggregation_interval = 600
      + tags                     = {
          + "Name" = "driftfinder-flow-log"
        }
      + tags_all                 = {
          + "Name" = "driftfinder-flow-log"
        }
      + traffic_type             = "ALL"
      + vpc_id                   = (known after apply)
    }

  # aws_iam_policy.driftfinder_test will be created
  + resource "aws_iam_policy" "driftfinder_test" {
      + arn              = (known after apply)
      + attachment_count = (known after apply)
      + description      = "DriftFinder experiment IAM policy - compliant baseline"
      + id               = (known after apply)
      + name             = "driftfinder-iam-test"
      + name_prefix      = (known after apply)
      + path             = "/"
      + policy           = jsonencode(
            {
              + Statement = [
                  + {
                      + Action   = [
                          + "s3:GetObject",
                          + "s3:ListBucket",
                        ]
                      + Effect   = "Allow"
                      + Resource = [
                          + "arn:aws:s3:::driftfinder-*",
                          + "arn:aws:s3:::driftfinder-*/*",
                        ]
                      + Sid      = "AllowS3ReadOnly"
                    },
                  + {
                      + Action   = [
                          + "s3:DeleteObject",
                          + "s3:DeleteBucket",
                        ]
                      + Effect   = "Deny"
                      + Resource = "*"
                      + Sid      = "ExplicitDenyDestructive"
                    },
                ]
              + Version   = "2012-10-17"
            }
        )
      + policy_id        = (known after apply)
      + tags             = {
          + "Environment" = "driftfinder-experiment"
          + "IaCTool"     = "terraform"
          + "Name"        = "driftfinder-iam-test"
        }
      + tags_all         = {
          + "Environment" = "driftfinder-experiment"
          + "IaCTool"     = "terraform"
          + "Name"        = "driftfinder-iam-test"
        }
    }

  # aws_iam_role.cloudtrail_cw will be created
  + resource "aws_iam_role" "cloudtrail_cw" {
      + arn                   = (known after apply)
      + assume_role_policy    = jsonencode(
            {
              + Statement = [
                  + {
                      + Action    = "sts:AssumeRole"
                      + Effect    = "Allow"
                      + Principal = {
                          + Service = "cloudtrail.amazonaws.com"
                        }
                    },
                ]
              + Version   = "2012-10-17"
            }
        )
      + create_date           = (known after apply)
      + force_detach_policies = false
      + id                    = (known after apply)
      + managed_policy_arns   = (known after apply)
      + max_session_duration  = 3600
      + name                  = "driftfinder-cloudtrail-cw-tf"
      + name_prefix           = (known after apply)
      + path                  = "/"
      + tags_all              = (known after apply)
      + unique_id             = (known after apply)

      + inline_policy (known after apply)
    }

  # aws_iam_role.flow_logs will be created
  + resource "aws_iam_role" "flow_logs" {
      + arn                   = (known after apply)
      + assume_role_policy    = jsonencode(
            {
              + Statement = [
                  + {
                      + Action    = "sts:AssumeRole"
                      + Effect    = "Allow"
                      + Principal = {
                          + Service = "vpc-flow-logs.amazonaws.com"
                        }
                    },
                ]
              + Version   = "2012-10-17"
            }
        )
      + create_date           = (known after apply)
      + force_detach_policies = false
      + id                    = (known after apply)
      + managed_policy_arns   = (known after apply)
      + max_session_duration  = 3600
      + name                  = "driftfinder-flow-logs-tf"
      + name_prefix           = (known after apply)
      + path                  = "/"
      + tags_all              = (known after apply)
      + unique_id             = (known after apply)

      + inline_policy (known after apply)
    }

  # aws_iam_role_policy.cloudtrail_cw will be created
  + resource "aws_iam_role_policy" "cloudtrail_cw" {
      + id          = (known after apply)
      + name        = "driftfinder-cloudtrail-cw-policy-tf"
      + name_prefix = (known after apply)
      + policy      = (known after apply)
      + role        = (known after apply)
    }

  # aws_iam_role_policy.flow_logs will be created
  + resource "aws_iam_role_policy" "flow_logs" {
      + id          = (known after apply)
      + name        = "driftfinder-flow-logs-policy-tf"
      + name_prefix = (known after apply)
      + policy      = jsonencode(
            {
              + Statement = [
                  + {
                      + Action   = [
                          + "logs:CreateLogGroup",
                          + "logs:CreateLogStream",
                          + "logs:PutLogEvents",
                          + "logs:DescribeLogGroups",
                          + "logs:DescribeLogStreams",
                        ]
                      + Effect   = "Allow"
                      + Resource = "*"
                    },
                ]
              + Version   = "2012-10-17"
            }
        )
      + role        = (known after apply)
    }

  # aws_kms_alias.driftfinder_test will be created
  + resource "aws_kms_alias" "driftfinder_test" {
      + arn            = (known after apply)
      + id             = (known after apply)
      + name           = "alias/driftfinder-test-terraform"
      + name_prefix    = (known after apply)
      + target_key_arn = (known after apply)
      + target_key_id  = (known after apply)
    }

  # aws_kms_key.driftfinder_test will be created
  + resource "aws_kms_key" "driftfinder_test" {
      + arn                                = (known after apply)
      + bypass_policy_lockout_safety_check = false
      + customer_master_key_spec           = "SYMMETRIC_DEFAULT"
      + deletion_window_in_days            = 7
      + description                        = "DriftFinder experiment KMS key"
      + enable_key_rotation                = true
      + id                                 = (known after apply)
      + is_enabled                         = true
      + key_id                             = (known after apply)
      + key_usage                          = "ENCRYPT_DECRYPT"
      + multi_region                       = (known after apply)
      + policy                             = jsonencode(
            {
              + Statement = [
                  + {
                      + Action    = "kms:*"
                      + Effect    = "Allow"
                      + Principal = {
                          + AWS = "arn:aws:iam::575108919391:root"
                        }
                      + Resource  = "*"
                      + Sid       = "Enable IAM User Permissions"
                    },
                  + {
                      + Action    = [
                          + "kms:GenerateDataKey*",
                          + "kms:DescribeKey",
                        ]
                      + Effect    = "Allow"
                      + Principal = {
                          + Service = "cloudtrail.amazonaws.com"
                        }
                      + Resource  = "*"
                      + Sid       = "Allow CloudTrail to encrypt logs"
                    },
                ]
              + Version   = "2012-10-17"
            }
        )
      + rotation_period_in_days            = (known after apply)
      + tags                               = {
          + "Environment" = "driftfinder-experiment"
          + "IaCTool"     = "terraform"
          + "Name"        = "driftfinder-kms-test"
        }
      + tags_all                           = {
          + "Environment" = "driftfinder-experiment"
          + "IaCTool"     = "terraform"
          + "Name"        = "driftfinder-kms-test"
        }
    }

  # aws_s3_bucket.cloudtrail_logs will be created
  + resource "aws_s3_bucket" "cloudtrail_logs" {
      + acceleration_status         = (known after apply)
      + acl                         = (known after apply)
      + arn                         = (known after apply)
      + bucket                      = "driftfinder-ct-logs-575108919391-tf"
      + bucket_domain_name          = (known after apply)
      + bucket_prefix               = (known after apply)
      + bucket_regional_domain_name = (known after apply)
      + force_destroy               = true
      + hosted_zone_id              = (known after apply)
      + id                          = (known after apply)
      + object_lock_enabled         = (known after apply)
      + policy                      = (known after apply)
      + region                      = (known after apply)
      + request_payer               = (known after apply)
      + tags                        = {
          + "Name" = "driftfinder-cloudtrail-logs-tf"
        }
      + tags_all                    = {
          + "Name" = "driftfinder-cloudtrail-logs-tf"
        }
      + website_domain              = (known after apply)
      + website_endpoint            = (known after apply)

      + cors_rule (known after apply)

      + grant (known after apply)

      + lifecycle_rule (known after apply)

      + logging (known after apply)

      + object_lock_configuration (known after apply)

      + replication_configuration (known after apply)

      + server_side_encryption_configuration (known after apply)

      + versioning (known after apply)

      + website (known after apply)
    }

  # aws_s3_bucket.driftfinder_test will be created
  + resource "aws_s3_bucket" "driftfinder_test" {
      + acceleration_status         = (known after apply)
      + acl                         = (known after apply)
      + arn                         = (known after apply)
      + bucket                      = "driftfinder-s3-test-575108919391-tf"
      + bucket_domain_name          = (known after apply)
      + bucket_prefix               = (known after apply)
      + bucket_regional_domain_name = (known after apply)
      + force_destroy               = true
      + hosted_zone_id              = (known after apply)
      + id                          = (known after apply)
      + object_lock_enabled         = (known after apply)
      + policy                      = (known after apply)
      + region                      = (known after apply)
      + request_payer               = (known after apply)
      + tags                        = {
          + "Environment" = "driftfinder-experiment"
          + "IaCTool"     = "terraform"
          + "Name"        = "driftfinder-s3-test"
        }
      + tags_all                    = {
          + "Environment" = "driftfinder-experiment"
          + "IaCTool"     = "terraform"
          + "Name"        = "driftfinder-s3-test"
        }
      + website_domain              = (known after apply)
      + website_endpoint            = (known after apply)

      + cors_rule (known after apply)

      + grant (known after apply)

      + lifecycle_rule (known after apply)

      + logging (known after apply)

      + object_lock_configuration (known after apply)

      + replication_configuration (known after apply)

      + server_side_encryption_configuration (known after apply)

      + versioning (known after apply)

      + website (known after apply)
    }

  # aws_s3_bucket_logging.driftfinder_test will be created
  + resource "aws_s3_bucket_logging" "driftfinder_test" {
      + bucket        = (known after apply)
      + id            = (known after apply)
      + target_bucket = (known after apply)
      + target_prefix = "s3-access-logs/"
    }

  # aws_s3_bucket_policy.cloudtrail_logs will be created
  + resource "aws_s3_bucket_policy" "cloudtrail_logs" {
      + bucket = (known after apply)
      + id     = (known after apply)
      + policy = jsonencode(
            {
              + Statement = [
                  + {
                      + Action    = "s3:GetBucketAcl"
                      + Effect    = "Allow"
                      + Principal = {
                          + Service = "cloudtrail.amazonaws.com"
                        }
                      + Resource  = "arn:aws:s3:::driftfinder-ct-logs-575108919391-tf"
                      + Sid       = "AWSCloudTrailAclCheck"
                    },
                  + {
                      + Action    = "s3:PutObject"
                      + Condition = {
                          + StringEquals = {
                              + "s3:x-amz-acl" = "bucket-owner-full-control"
                            }
                        }
                      + Effect    = "Allow"
                      + Principal = {
                          + Service = "cloudtrail.amazonaws.com"
                        }
                      + Resource  = "arn:aws:s3:::driftfinder-ct-logs-575108919391-tf/AWSLogs/575108919391/*"
                      + Sid       = "AWSCloudTrailWrite"
                    },
                ]
              + Version   = "2012-10-17"
            }
        )
    }

  # aws_s3_bucket_public_access_block.cloudtrail_logs will be created
  + resource "aws_s3_bucket_public_access_block" "cloudtrail_logs" {
      + block_public_acls       = true
      + block_public_policy     = true
      + bucket                  = (known after apply)
      + id                      = (known after apply)
      + ignore_public_acls      = true
      + restrict_public_buckets = true
    }

  # aws_s3_bucket_public_access_block.driftfinder_test will be created
  + resource "aws_s3_bucket_public_access_block" "driftfinder_test" {
      + block_public_acls       = true
      + block_public_policy     = true
      + bucket                  = (known after apply)
      + id                      = (known after apply)
      + ignore_public_acls      = true
      + restrict_public_buckets = true
    }

  # aws_s3_bucket_server_side_encryption_configuration.driftfinder_test will be created
  + resource "aws_s3_bucket_server_side_encryption_configuration" "driftfinder_test" {
      + bucket = (known after apply)
      + id     = (known after apply)

      + rule {
          + apply_server_side_encryption_by_default {
              + sse_algorithm     = "AES256"
                # (1 unchanged attribute hidden)
            }
        }
    }

  # aws_s3_bucket_versioning.driftfinder_test will be created
  + resource "aws_s3_bucket_versioning" "driftfinder_test" {
      + bucket = (known after apply)
      + id     = (known after apply)

      + versioning_configuration {
          + mfa_delete = (known after apply)
          + status     = "Enabled"
        }
    }

  # aws_security_group.driftfinder_test will be created
  + resource "aws_security_group" "driftfinder_test" {
      + arn                    = (known after apply)
      + description            = "DriftFinder experiment security group - compliant baseline"
      + egress                 = [
          + {
              + cidr_blocks      = [
                  + "0.0.0.0/0",
                ]
              + description      = "HTTPS outbound only"
              + from_port        = 443
              + ipv6_cidr_blocks = []
              + prefix_list_ids  = []
              + protocol         = "tcp"
              + security_groups  = []
              + self             = false
              + to_port          = 443
            },
        ]
      + id                     = (known after apply)
      + ingress                = [
          + {
              + cidr_blocks      = [
                  + "10.0.0.0/8",
                ]
              + description      = "HTTPS from internal only"
              + from_port        = 443
              + ipv6_cidr_blocks = []
              + prefix_list_ids  = []
              + protocol         = "tcp"
              + security_groups  = []
              + self             = false
              + to_port          = 443
            },
        ]
      + name                   = "driftfinder-sg-test"
      + name_prefix            = (known after apply)
      + owner_id               = (known after apply)
      + revoke_rules_on_delete = false
      + tags                   = {
          + "Environment" = "driftfinder-experiment"
          + "IaCTool"     = "terraform"
          + "Name"        = "driftfinder-sg-test"
        }
      + tags_all               = {
          + "Environment" = "driftfinder-experiment"
          + "IaCTool"     = "terraform"
          + "Name"        = "driftfinder-sg-test"
        }
      + vpc_id                 = (known after apply)
    }

  # aws_subnet.a will be created
  + resource "aws_subnet" "a" {
      + arn                                            = (known after apply)
      + assign_ipv6_address_on_creation                = false
      + availability_zone                              = "eu-west-1a"
      + availability_zone_id                           = (known after apply)
      + cidr_block                                     = "10.100.1.0/24"
      + enable_dns64                                   = false
      + enable_resource_name_dns_a_record_on_launch    = false
      + enable_resource_name_dns_aaaa_record_on_launch = false
      + id                                             = (known after apply)
      + ipv6_cidr_block_association_id                 = (known after apply)
      + ipv6_native                                    = false
      + map_public_ip_on_launch                        = false
      + owner_id                                       = (known after apply)
      + private_dns_hostname_type_on_launch            = (known after apply)
      + tags                                           = {
          + "Name" = "driftfinder-subnet-a"
        }
      + tags_all                                       = {
          + "Name" = "driftfinder-subnet-a"
        }
      + vpc_id                                         = (known after apply)
    }

  # aws_subnet.b will be created
  + resource "aws_subnet" "b" {
      + arn                                            = (known after apply)
      + assign_ipv6_address_on_creation                = false
      + availability_zone                              = "eu-west-1b"
      + availability_zone_id                           = (known after apply)
      + cidr_block                                     = "10.100.2.0/24"
      + enable_dns64                                   = false
      + enable_resource_name_dns_a_record_on_launch    = false
      + enable_resource_name_dns_aaaa_record_on_launch = false
      + id                                             = (known after apply)
      + ipv6_cidr_block_association_id                 = (known after apply)
      + ipv6_native                                    = false
      + map_public_ip_on_launch                        = false
      + owner_id                                       = (known after apply)
      + private_dns_hostname_type_on_launch            = (known after apply)
      + tags                                           = {
          + "Name" = "driftfinder-subnet-b"
        }
      + tags_all                                       = {
          + "Name" = "driftfinder-subnet-b"
        }
      + vpc_id                                         = (known after apply)
    }

  # aws_vpc.driftfinder_test will be created
  + resource "aws_vpc" "driftfinder_test" {
      + arn                                  = (known after apply)
      + cidr_block                           = "10.100.0.0/16"
      + default_network_acl_id               = (known after apply)
      + default_route_table_id               = (known after apply)
      + default_security_group_id            = (known after apply)
      + dhcp_options_id                      = (known after apply)
      + enable_dns_hostnames                 = true
      + enable_dns_support                   = true
      + enable_network_address_usage_metrics = (known after apply)
      + id                                   = (known after apply)
      + instance_tenancy                     = "default"
      + ipv6_association_id                  = (known after apply)
      + ipv6_cidr_block                      = (known after apply)
      + ipv6_cidr_block_network_border_group = (known after apply)
      + main_route_table_id                  = (known after apply)
      + owner_id                             = (known after apply)
      + tags                                 = {
          + "Environment" = "driftfinder-experiment"
          + "IaCTool"     = "terraform"
          + "Name"        = "driftfinder-vpc-test"
        }
      + tags_all                             = {
          + "Environment" = "driftfinder-experiment"
          + "IaCTool"     = "terraform"
          + "Name"        = "driftfinder-vpc-test"
        }
    }

Plan: 28 to add, 0 to change, 0 to destroy.

Changes to Outputs:
  + cloudtrail_cw_log_group_arn = (known after apply)
  + cloudtrail_cw_role_arn      = (known after apply)
  + cloudtrail_name             = "driftfinder-trail-test"
  + ct_log_bucket_name          = "driftfinder-ct-logs-575108919391-tf"
  + ebs_volume_id               = (known after apply)
  + flow_log_role_arn           = (known after apply)
  + iam_policy_arn              = (known after apply)
  + kms_key_arn                 = (known after apply)
  + kms_key_id                  = (known after apply)
  + rds_instance_id             = "driftfinder-rds-test"
  + s3_bucket_name              = "driftfinder-s3-test-575108919391-tf"
  + security_group_id           = (known after apply)
  + vpc_flow_log_group_name     = "/driftfinder/vpc-flow-logs-tf"
  + vpc_id                      = (known after apply)
aws_cloudwatch_log_group.cloudtrail: Creating...
aws_iam_policy.driftfinder_test: Creating...
aws_iam_role.flow_logs: Creating...
aws_iam_role.cloudtrail_cw: Creating...
aws_vpc.driftfinder_test: Creating...
aws_kms_key.driftfinder_test: Creating...
aws_cloudwatch_log_group.flow_logs: Creating...
aws_s3_bucket.driftfinder_test: Creating...
aws_s3_bucket.cloudtrail_logs: Creating...
aws_cloudwatch_log_group.cloudtrail: Creation complete after 6s [id=/driftfinder/cloudtrail-tf]
aws_cloudwatch_log_group.flow_logs: Creation complete after 6s [id=/driftfinder/vpc-flow-logs-tf]
aws_iam_role.flow_logs: Creation complete after 6s [id=driftfinder-flow-logs-tf]
aws_iam_role_policy.flow_logs: Creating...
aws_s3_bucket.driftfinder_test: Creation complete after 6s [id=driftfinder-s3-test-575108919391-tf]
aws_iam_policy.driftfinder_test: Creation complete after 6s [id=arn:aws:iam::575108919391:policy/driftfinder-iam-test]
aws_s3_bucket_public_access_block.driftfinder_test: Creating...
aws_s3_bucket_versioning.driftfinder_test: Creating...
aws_s3_bucket_server_side_encryption_configuration.driftfinder_test: Creating...
aws_s3_bucket.cloudtrail_logs: Creation complete after 6s [id=driftfinder-ct-logs-575108919391-tf]
aws_s3_bucket_public_access_block.cloudtrail_logs: Creating...
aws_s3_bucket_logging.driftfinder_test: Creating...
aws_iam_role.cloudtrail_cw: Creation complete after 6s [id=driftfinder-cloudtrail-cw-tf]
aws_iam_role_policy.cloudtrail_cw: Creating...
aws_s3_bucket_public_access_block.cloudtrail_logs: Creation complete after 0s [id=driftfinder-ct-logs-575108919391-tf]
aws_s3_bucket_policy.cloudtrail_logs: Creating...
aws_s3_bucket_public_access_block.driftfinder_test: Creation complete after 0s [id=driftfinder-s3-test-575108919391-tf]
aws_s3_bucket_logging.driftfinder_test: Creation complete after 0s [id=driftfinder-s3-test-575108919391-tf]
aws_iam_role_policy.flow_logs: Creation complete after 0s [id=driftfinder-flow-logs-tf:driftfinder-flow-logs-policy-tf]
aws_iam_role_policy.cloudtrail_cw: Creation complete after 1s [id=driftfinder-cloudtrail-cw-tf:driftfinder-cloudtrail-cw-policy-tf]
aws_s3_bucket_policy.cloudtrail_logs: Creation complete after 1s [id=driftfinder-ct-logs-575108919391-tf]
aws_s3_bucket_server_side_encryption_configuration.driftfinder_test: Creation complete after 1s [id=driftfinder-s3-test-575108919391-tf]
aws_s3_bucket_versioning.driftfinder_test: Creation complete after 2s [id=driftfinder-s3-test-575108919391-tf]
aws_vpc.driftfinder_test: Still creating... [00m10s elapsed]
aws_kms_key.driftfinder_test: Still creating... [00m10s elapsed]
aws_vpc.driftfinder_test: Creation complete after 18s [id=vpc-0f5849a615bf0681a]
aws_flow_log.driftfinder_test: Creating...
aws_default_security_group.driftfinder_test: Creating...
aws_subnet.a: Creating...
aws_subnet.b: Creating...
aws_default_network_acl.driftfinder_test: Creating...
aws_security_group.driftfinder_test: Creating...
aws_flow_log.driftfinder_test: Creation complete after 2s [id=fl-0a405c223b529140b]
aws_kms_key.driftfinder_test: Still creating... [00m20s elapsed]
aws_kms_key.driftfinder_test: Creation complete after 21s [id=30bb257e-e6f7-420a-9644-c319d1cd69a0]
aws_kms_alias.driftfinder_test: Creating...
aws_ebs_volume.driftfinder_test: Creating...
aws_cloudtrail.driftfinder_test: Creating...
aws_kms_alias.driftfinder_test: Creation complete after 0s [id=alias/driftfinder-test-terraform]
aws_subnet.b: Creation complete after 3s [id=subnet-09a89efe8f2052fd3]
aws_subnet.a: Creation complete after 3s [id=subnet-03ef86047368e86a5]
aws_db_subnet_group.driftfinder_test: Creating...
aws_cloudtrail.driftfinder_test: Creation complete after 1s [id=arn:aws:cloudtrail:eu-west-1:575108919391:trail/driftfinder-trail-test]
aws_default_network_acl.driftfinder_test: Creation complete after 4s [id=acl-0ca3576b3b653f5d4]
aws_default_security_group.driftfinder_test: Creation complete after 4s [id=sg-0cb0532c3bd763e8b]
aws_db_subnet_group.driftfinder_test: Creation complete after 2s [id=driftfinder-rds-subnet-group-tf]
aws_security_group.driftfinder_test: Creation complete after 6s [id=sg-0b158f112746d8285]
aws_db_instance.driftfinder_test: Creating...
aws_ebs_volume.driftfinder_test: Still creating... [00m10s elapsed]
aws_ebs_volume.driftfinder_test: Creation complete after 11s [id=vol-0f212c4c17b28c1a0]
aws_db_instance.driftfinder_test: Still creating... [00m10s elapsed]
aws_db_instance.driftfinder_test: Still creating... [00m20s elapsed]
aws_db_instance.driftfinder_test: Still creating... [00m30s elapsed]
aws_db_instance.driftfinder_test: Still creating... [00m40s elapsed]
aws_db_instance.driftfinder_test: Still creating... [00m50s elapsed]
aws_db_instance.driftfinder_test: Still creating... [01m00s elapsed]
aws_db_instance.driftfinder_test: Still creating... [01m10s elapsed]
aws_db_instance.driftfinder_test: Still creating... [01m20s elapsed]
aws_db_instance.driftfinder_test: Still creating... [01m30s elapsed]
aws_db_instance.driftfinder_test: Still creating... [01m40s elapsed]
aws_db_instance.driftfinder_test: Still creating... [01m50s elapsed]
aws_db_instance.driftfinder_test: Still creating... [02m00s elapsed]
aws_db_instance.driftfinder_test: Still creating... [02m10s elapsed]
aws_db_instance.driftfinder_test: Still creating... [02m20s elapsed]
aws_db_instance.driftfinder_test: Still creating... [02m30s elapsed]
aws_db_instance.driftfinder_test: Still creating... [02m40s elapsed]
aws_db_instance.driftfinder_test: Still creating... [02m50s elapsed]
aws_db_instance.driftfinder_test: Still creating... [03m00s elapsed]
aws_db_instance.driftfinder_test: Still creating... [03m10s elapsed]
aws_db_instance.driftfinder_test: Still creating... [03m20s elapsed]
aws_db_instance.driftfinder_test: Still creating... [03m30s elapsed]
aws_db_instance.driftfinder_test: Still creating... [03m40s elapsed]
aws_db_instance.driftfinder_test: Still creating... [03m50s elapsed]
aws_db_instance.driftfinder_test: Still creating... [04m00s elapsed]
aws_db_instance.driftfinder_test: Still creating... [04m10s elapsed]
aws_db_instance.driftfinder_test: Still creating... [04m20s elapsed]
aws_db_instance.driftfinder_test: Still creating... [04m30s elapsed]
aws_db_instance.driftfinder_test: Still creating... [04m40s elapsed]
aws_db_instance.driftfinder_test: Still creating... [04m50s elapsed]
aws_db_instance.driftfinder_test: Still creating... [05m00s elapsed]
aws_db_instance.driftfinder_test: Still creating... [05m10s elapsed]
aws_db_instance.driftfinder_test: Still creating... [05m20s elapsed]
aws_db_instance.driftfinder_test: Still creating... [05m30s elapsed]
aws_db_instance.driftfinder_test: Still creating... [05m40s elapsed]
aws_db_instance.driftfinder_test: Still creating... [05m50s elapsed]
aws_db_instance.driftfinder_test: Still creating... [06m00s elapsed]
aws_db_instance.driftfinder_test: Still creating... [06m10s elapsed]
aws_db_instance.driftfinder_test: Creation complete after 6m19s [id=db-LO6UGXTTPV6OYYV76WFLVRWWEI]

Apply complete! Resources: 28 added, 0 changed, 0 destroyed.

Outputs:

cloudtrail_cw_log_group_arn = "arn:aws:logs:eu-west-1:575108919391:log-group:/driftfinder/cloudtrail-tf:*"
cloudtrail_cw_role_arn = "arn:aws:iam::575108919391:role/driftfinder-cloudtrail-cw-tf"
cloudtrail_name = "driftfinder-trail-test"
ct_log_bucket_name = "driftfinder-ct-logs-575108919391-tf"
ebs_volume_id = "vol-0f212c4c17b28c1a0"
flow_log_role_arn = "arn:aws:iam::575108919391:role/driftfinder-flow-logs-tf"
iam_policy_arn = "arn:aws:iam::575108919391:policy/driftfinder-iam-test"
kms_key_arn = "arn:aws:kms:eu-west-1:575108919391:key/30bb257e-e6f7-420a-9644-c319d1cd69a0"
kms_key_id = "30bb257e-e6f7-420a-9644-c319d1cd69a0"
rds_instance_id = "driftfinder-rds-test"
s3_bucket_name = "driftfinder-s3-test-575108919391-tf"
security_group_id = "sg-0b158f112746d8285"
vpc_flow_log_group_name = "/driftfinder/vpc-flow-logs-tf"
vpc_id = "vpc-0f5849a615bf0681a"
[07:44:25] Creating CloudFormation stack driftfinder-experiment-cf
[07:44:25] Waiting for CloudFormation stack to finish creating
[07:51:16] $ pulumi stack select --create driftfinder-experiment --non-interactive
Created stack 'driftfinder-experiment'
[07:51:19] $ pulumi config set account_id 575108919391 --non-interactive
[07:51:20] $ pulumi config set region eu-west-1 --non-interactive
[07:51:20] $ pulumi config set --secret db_password --non-interactive
[07:51:21] $ pulumi up --yes --skip-preview --non-interactive
Updating (driftfinder-experiment):
@ updating....

@ updating......
    pulumi:pulumi:Stack driftfinder-experiment-driftfinder-experiment  warning: BucketServerSideEncryptionConfigurationV2 is deprecated: aws.s3/bucketserversideencryptionconfigurationv2.BucketServerSideEncryptionConfigurationV2 has been deprecated in favor of aws.s3/bucketserversideencryptionconfiguration.BucketServerSideEncryptionConfiguration
    pulumi:pulumi:Stack driftfinder-experiment-driftfinder-experiment  warning: BucketVersioningV2 is deprecated: aws.s3/bucketversioningv2.BucketVersioningV2 has been deprecated in favor of aws.s3/bucketversioning.BucketVersioning
    pulumi:pulumi:Stack driftfinder-experiment-driftfinder-experiment  warning: BucketLoggingV2 is deprecated: aws.s3/bucketloggingv2.BucketLoggingV2 has been deprecated in favor of aws.s3/bucketlogging.BucketLogging
@ updating.....
 +  pulumi:pulumi:Stack driftfinder-experiment-driftfinder-experiment creating (0s) warning: BucketLoggingV2 is deprecated: aws.s3/bucketloggingv2.BucketLoggingV2 has been deprecated in favor of aws.s3/bucketlogging.BucketLogging
@ updating...................
 +  aws:s3:Bucket driftfinder-s3-test creating (0s) 
 +  aws:ec2:Vpc driftfinder-vpc-test creating (0s) 
 +  aws:iam:Role driftfinder-flow-log-role creating (0s) 
 +  aws:kms:Key driftfinder-kms-test creating (0s) 
 +  aws:iam:Policy driftfinder-iam-test creating (0s) 
 +  aws:iam:Role driftfinder-cloudtrail-cw-role creating (0s) 
 +  aws:s3:Bucket driftfinder-ct-logs creating (0s) 
 +  aws:cloudwatch:LogGroup driftfinder-vpc-flow-lg creating (0s) 
 +  aws:cloudwatch:LogGroup driftfinder-cloudtrail-lg creating (0s) 
@ updating.....
 +  aws:cloudwatch:LogGroup driftfinder-cloudtrail-lg created (2s) 
 +  aws:cloudwatch:LogGroup driftfinder-vpc-flow-lg created (2s) 
@ updating....
 +  aws:iam:Policy driftfinder-iam-test created (3s) 
 +  aws:iam:Role driftfinder-cloudtrail-cw-role created (3s) 
 +  aws:iam:RolePolicy driftfinder-cloudtrail-cw-policy creating (0s) 
 +  aws:iam:Role driftfinder-flow-log-role created (3s) 
 +  aws:iam:RolePolicy driftfinder-flow-log-policy creating (0s) 
@ updating....
 +  aws:s3:Bucket driftfinder-ct-logs created (4s) 
 +  aws:s3:Bucket driftfinder-s3-test created (4s) 
 +  aws:s3:BucketPublicAccessBlock ct-log-public-access-block creating (0s) 
 +  aws:s3:BucketServerSideEncryptionConfigurationV2 driftfinder-s3-sse creating (0s) 
 +  aws:s3:BucketPublicAccessBlock driftfinder-s3-pab creating (0s) 
 +  aws:s3:BucketLoggingV2 driftfinder-s3-logging creating (0s) 
 +  aws:s3:BucketVersioningV2 driftfinder-s3-versioning creating (0s) 
 +  aws:s3:BucketPolicy ct-log-bucket-policy creating (0s) 
 +  aws:iam:RolePolicy driftfinder-flow-log-policy created (1s) 
 +  aws:iam:RolePolicy driftfinder-cloudtrail-cw-policy created (1s) 
 +  aws:s3:BucketPublicAccessBlock ct-log-public-access-block created (0.18s) 
 +  aws:ec2:Vpc driftfinder-vpc-test created (4s) 
 +  aws:ec2:Subnet driftfinder-subnet-a creating (0s) 
 +  aws:ec2:Subnet driftfinder-subnet-b creating (0s) 
 +  aws:ec2:DefaultSecurityGroup driftfinder-default-sg creating (0s) 
 +  aws:s3:BucketPublicAccessBlock driftfinder-s3-pab created (0.25s) 
 +  aws:ec2:DefaultNetworkAcl driftfinder-default-nacl creating (0s) 
 +  aws:ec2:SecurityGroup driftfinder-sg-test creating (0s) 
 +  aws:ec2:FlowLog driftfinder-flow-log creating (0s) 
 +  aws:s3:BucketServerSideEncryptionConfigurationV2 driftfinder-s3-sse created (0.33s) 
@ updating.....
 +  aws:s3:BucketLoggingV2 driftfinder-s3-logging created (2s) 
@ updating.....
 +  aws:ec2:FlowLog driftfinder-flow-log created (3s) 
 +  aws:s3:BucketPolicy ct-log-bucket-policy created (3s) 
@ updating....
 +  aws:s3:BucketVersioningV2 driftfinder-s3-versioning created (4s) 
 +  aws:ec2:Subnet driftfinder-subnet-b created (4s) 
 +  aws:ec2:Subnet driftfinder-subnet-a created (4s) 
 +  aws:rds:SubnetGroup driftfinder-rds-subnet-group creating (0s) 
 +  aws:ec2:DefaultNetworkAcl driftfinder-default-nacl created (5s) 
@ updating....
 +  aws:ec2:DefaultSecurityGroup driftfinder-default-sg created (5s) 
 +  aws:ec2:SecurityGroup driftfinder-sg-test created (5s) 
 +  aws:rds:SubnetGroup driftfinder-rds-subnet-group created (1s) 
@ updating..........
 +  aws:kms:Key driftfinder-kms-test created (17s) 
 +  aws:kms:Alias driftfinder-kms-alias creating (0s) 
 +  aws:cloudtrail:Trail driftfinder-trail-test creating (0s) 
 +  aws:ebs:Volume driftfinder-ebs-test creating (0s) 
 +  aws:rds:Instance driftfinder-rds-test creating (0s) 
 +  aws:kms:Alias driftfinder-kms-alias created (0.09s) 
@ updating....
 +  aws:cloudtrail:Trail driftfinder-trail-test created (0.75s) 
@ updating.............
 +  aws:ebs:Volume driftfinder-ebs-test created (10s) 
@ updating....................................................................................................................................................................................................................................................................................................................................................................................
 +  aws:rds:Instance driftfinder-rds-test created (379s) 
 +  pulumi:pulumi:Stack driftfinder-experiment-driftfinder-experiment created (412s) 3 warnings
Diagnostics:
  pulumi:pulumi:Stack (driftfinder-experiment-driftfinder-experiment):
    warning: BucketServerSideEncryptionConfigurationV2 is deprecated: aws.s3/bucketserversideencryptionconfigurationv2.BucketServerSideEncryptionConfigurationV2 has been deprecated in favor of aws.s3/bucketserversideencryptionconfiguration.BucketServerSideEncryptionConfiguration
    warning: BucketVersioningV2 is deprecated: aws.s3/bucketversioningv2.BucketVersioningV2 has been deprecated in favor of aws.s3/bucketversioning.BucketVersioning
    warning: BucketLoggingV2 is deprecated: aws.s3/bucketloggingv2.BucketLoggingV2 has been deprecated in favor of aws.s3/bucketlogging.BucketLogging

Outputs:
    cloudtrail_cw_log_group_arn: "arn:aws:logs:eu-west-1:575108919391:log-group:/driftfinder/cloudtrail-pulumi:*"
    cloudtrail_cw_role_arn     : "arn:aws:iam::575108919391:role/driftfinder-cloudtrail-cw-pulumi"
    cloudtrail_name            : "driftfinder-trail-test-pulumi"
    ct_log_bucket_name         : "driftfinder-ct-logs-575108919391-pulumi"
    ebs_volume_id              : "vol-0b58c56927f3042b8"
    flow_log_role_arn          : "arn:aws:iam::575108919391:role/driftfinder-flow-logs-pulumi"
    iam_policy_arn             : "arn:aws:iam::575108919391:policy/driftfinder-iam-test-pulumi"
    kms_key_arn                : "arn:aws:kms:eu-west-1:575108919391:key/526893ee-1405-49c0-801b-cab14e743b04"
    kms_key_id                 : "526893ee-1405-49c0-801b-cab14e743b04"
    rds_instance_id            : "driftfinder-rds-test-pulumi"
    s3_bucket_name             : "driftfinder-s3-test-575108919391-pulumi"
    security_group_id          : "sg-041aaea088015b950"
    vpc_flow_log_group_name    : "/driftfinder/vpc-flow-logs-pulumi"
    vpc_id                     : "vpc-02045867b7330bbfd"

Resources:
    + 29 created

Duration: 6m58s

[07:58:25] $ pulumi stack export --file /Users/wikiwoo/DriftFinder/experiment-runs/20261008T073703Z/pulumi_stack_export.json --non-interactive
[07:58:27] $ /Users/wikiwoo/DriftFinder/.venv/bin/python -c from driftfinder.cli.main import cli; cli() scan --config /Users/wikiwoo/DriftFinder/experiment-runs/20261008T073703Z/configs/.driftfinder-terraform.yml --output /Users/wikiwoo/DriftFinder/experiment-runs/20261008T073703Z/scans/baseline_terraform --format json

  Resources scanned  : 11
  Resources with drift: 0
  Findings           : 0  (CRITICAL=0 HIGH=0 MEDIUM=0 LOW=0)
  Duration           : 15.552s

  No drift detected. All resources comply.

  JSON report: /Users/wikiwoo/DriftFinder/experiment-runs/20261008T073703Z/scans/baseline_terraform.json
[07:58:46] Clean: terraform has no findings (baseline_terraform)
[07:58:48] $ /Users/wikiwoo/DriftFinder/.venv/bin/python -c from driftfinder.cli.main import cli; cli() scan --config /Users/wikiwoo/DriftFinder/experiment-runs/20261008T073703Z/configs/.driftfinder-cloudformation.yml --output /Users/wikiwoo/DriftFinder/experiment-runs/20261008T073703Z/scans/baseline_cloudformation --format json

  Resources scanned  : 9
  Resources with drift: 0
  Findings           : 0  (CRITICAL=0 HIGH=0 MEDIUM=0 LOW=0)
  Duration           : 17.741s

  No drift detected. All resources comply.

  JSON report: /Users/wikiwoo/DriftFinder/experiment-runs/20261008T073703Z/scans/baseline_cloudformation.json
[07:59:08] Clean: cloudformation has no findings (baseline_cloudformation)
[07:59:09] $ /Users/wikiwoo/DriftFinder/.venv/bin/python -c from driftfinder.cli.main import cli; cli() scan --config /Users/wikiwoo/DriftFinder/experiment-runs/20261008T073703Z/configs/.driftfinder-pulumi.yml --output /Users/wikiwoo/DriftFinder/experiment-runs/20261008T073703Z/scans/baseline_pulumi --format json

  Resources scanned  : 9
  Resources with drift: 0
  Findings           : 0  (CRITICAL=0 HIGH=0 MEDIUM=0 LOW=0)
  Duration           : 9.375s

  No drift detected. All resources comply.

  JSON report: /Users/wikiwoo/DriftFinder/experiment-runs/20261008T073703Z/scans/baseline_pulumi.json
[07:59:20] Clean: pulumi has no findings (baseline_pulumi)
[07:59:21] === D1 [terraform]: inject
  Ground truth logged: D1 [terraform] — server_side_encryption_enabled
[D1] Disabled S3 encryption on driftfinder-s3-test-575108919391-tf
[07:59:21] Waiting 30s before scanning
[07:59:51] $ /Users/wikiwoo/DriftFinder/.venv/bin/python -c from driftfinder.cli.main import cli; cli() scan --config /Users/wikiwoo/DriftFinder/experiment-runs/20261008T073703Z/configs/.driftfinder-terraform.yml --output /Users/wikiwoo/DriftFinder/experiment-runs/20261008T073703Z/scans/D1_terraform --format json

  Resources scanned  : 11
  Resources with drift: 0
  Findings           : 0  (CRITICAL=0 HIGH=0 MEDIUM=0 LOW=0)
  Duration           : 15.36s

  No drift detected. All resources comply.

  JSON report: /Users/wikiwoo/DriftFinder/experiment-runs/20261008T073703Z/scans/D1_terraform.json
  Result recorded: D1 [terraform] — FN
[08:00:09] === D1 [terraform]: reset
[D1 RESET] Restored S3 encryption on driftfinder-s3-test-575108919391-tf
[08:00:10] $ /Users/wikiwoo/DriftFinder/.venv/bin/python -c from driftfinder.cli.main import cli; cli() scan --config /Users/wikiwoo/DriftFinder/experiment-runs/20261008T073703Z/configs/.driftfinder-terraform.yml --output /Users/wikiwoo/DriftFinder/experiment-runs/20261008T073703Z/clean/after_D1_terraform --format json

  Resources scanned  : 11
  Resources with drift: 0
  Findings           : 0  (CRITICAL=0 HIGH=0 MEDIUM=0 LOW=0)
  Duration           : 49.062s

  No drift detected. All resources comply.

  JSON report: /Users/wikiwoo/DriftFinder/experiment-runs/20261008T073703Z/clean/after_D1_terraform.json
[08:01:03] Clean: terraform has no findings (after_D1_terraform)
[08:01:13] === D1 [cloudformation]: inject
  Ground truth logged: D1 [cloudformation] — server_side_encryption_enabled
[D1] Disabled S3 encryption on driftfinder-s3-test-575108919391-cf
[08:01:17] Waiting 30s before scanning
[08:01:47] $ /Users/wikiwoo/DriftFinder/.venv/bin/python -c from driftfinder.cli.main import cli; cli() scan --config /Users/wikiwoo/DriftFinder/experiment-runs/20261008T073703Z/configs/.driftfinder-cloudformation.yml --output /Users/wikiwoo/DriftFinder/experiment-runs/20261008T073703Z/scans/D1_cloudformation --format json

  Resources scanned  : 9
  Resources with drift: 0
  Findings           : 0  (CRITICAL=0 HIGH=0 MEDIUM=0 LOW=0)
  Duration           : 96.477s

  No drift detected. All resources comply.

  JSON report: /Users/wikiwoo/DriftFinder/experiment-runs/20261008T073703Z/scans/D1_cloudformation.json
  Result recorded: D1 [cloudformation] — FN
[08:03:37] === D1 [cloudformation]: reset
[D1 RESET] Restored S3 encryption on driftfinder-s3-test-575108919391-cf
[08:03:39] $ /Users/wikiwoo/DriftFinder/.venv/bin/python -c from driftfinder.cli.main import cli; cli() scan --config /Users/wikiwoo/DriftFinder/experiment-runs/20261008T073703Z/configs/.driftfinder-cloudformation.yml --output /Users/wikiwoo/DriftFinder/experiment-runs/20261008T073703Z/clean/after_D1_cloudformation --format json

  Resources scanned  : 9
  Resources with drift: 0
  Findings           : 0  (CRITICAL=0 HIGH=0 MEDIUM=0 LOW=0)
  Duration           : 79.529s

  No drift detected. All resources comply.

  JSON report: /Users/wikiwoo/DriftFinder/experiment-runs/20261008T073703Z/clean/after_D1_cloudformation.json
[08:05:12] Clean: cloudformation has no findings (after_D1_cloudformation)
[08:05:21] === D1 [pulumi]: inject
  Ground truth logged: D1 [pulumi] — server_side_encryption_enabled
[D1] Disabled S3 encryption on driftfinder-s3-test-575108919391-pulumi
[08:05:26] Waiting 30s before scanning
[08:05:56] $ /Users/wikiwoo/DriftFinder/.venv/bin/python -c from driftfinder.cli.main import cli; cli() scan --config /Users/wikiwoo/DriftFinder/experiment-runs/20261008T073703Z/configs/.driftfinder-pulumi.yml --output /Users/wikiwoo/DriftFinder/experiment-runs/20261008T073703Z/scans/D1_pulumi --format json

  Resources scanned  : 9
  Resources with drift: 0
  Findings           : 0  (CRITICAL=0 HIGH=0 MEDIUM=0 LOW=0)
  Duration           : 64.335s

  No drift detected. All resources comply.

  JSON report: /Users/wikiwoo/DriftFinder/experiment-runs/20261008T073703Z/scans/D1_pulumi.json
  Result recorded: D1 [pulumi] — FN
[08:07:09] === D1 [pulumi]: reset
[D1 RESET] Restored S3 encryption on driftfinder-s3-test-575108919391-pulumi
[08:07:14] $ /Users/wikiwoo/DriftFinder/.venv/bin/python -c from driftfinder.cli.main import cli; cli() scan --config /Users/wikiwoo/DriftFinder/experiment-runs/20261008T073703Z/configs/.driftfinder-pulumi.yml --output /Users/wikiwoo/DriftFinder/experiment-runs/20261008T073703Z/clean/after_D1_pulumi --format json

  Resources scanned  : 9
  Resources with drift: 0
  Findings           : 0  (CRITICAL=0 HIGH=0 MEDIUM=0 LOW=0)
  Duration           : 68.555s

  No drift detected. All resources comply.

  JSON report: /Users/wikiwoo/DriftFinder/experiment-runs/20261008T073703Z/clean/after_D1_pulumi.json
[08:08:29] Clean: pulumi has no findings (after_D1_pulumi)
[08:08:37] === D2 [terraform]: inject
  Ground truth logged: D2 [terraform] — public_access_block_enabled
[D2] Disabled S3 public access block on driftfinder-s3-test-575108919391-tf
[08:08:42] Waiting 30s before scanning
[08:09:12] $ /Users/wikiwoo/DriftFinder/.venv/bin/python -c from driftfinder.cli.main import cli; cli() scan --config /Users/wikiwoo/DriftFinder/experiment-runs/20261008T073703Z/configs/.driftfinder-terraform.yml --output /Users/wikiwoo/DriftFinder/experiment-runs/20261008T073703Z/scans/D2_terraform --format json

  Resources scanned  : 11
  Resources with drift: 1
  Findings           : 5  (CRITICAL=5 HIGH=0 MEDIUM=0 LOW=0)
  Duration           : 68.896s

  SEV        RESOURCE               PROPERTY                             DECLARED           ACTUAL
  --------------------------------------------------------------------------------------------------------
  CRITICAL   driftfinder-s3-test-   public_access_block_enabled          True               False
  CRITICAL   driftfinder-s3-test-   block_public_acls                    True               False
  CRITICAL   driftfinder-s3-test-   ignore_public_acls                   True               False
  CRITICAL   driftfinder-s3-test-   block_public_policy                  True               False
  CRITICAL   driftfinder-s3-test-   restrict_public_buckets              True               False

  JSON report: /Users/wikiwoo/DriftFinder/experiment-runs/20261008T073703Z/scans/D2_terraform.json
  Result recorded: D2 [terraform] — TP
[08:10:27] === D2 [terraform]: reset
[D2 RESET] Restored S3 public access block on driftfinder-s3-test-575108919391-tf
[08:10:31] $ /Users/wikiwoo/DriftFinder/.venv/bin/python -c from driftfinder.cli.main import cli; cli() scan --config /Users/wikiwoo/DriftFinder/experiment-runs/20261008T073703Z/configs/.driftfinder-terraform.yml --output /Users/wikiwoo/DriftFinder/experiment-runs/20261008T073703Z/clean/after_D2_terraform --format json

  Resources scanned  : 11
  Resources with drift: 0
  Findings           : 0  (CRITICAL=0 HIGH=0 MEDIUM=0 LOW=0)
  Duration           : 78.249s

  No drift detected. All resources comply.

  JSON report: /Users/wikiwoo/DriftFinder/experiment-runs/20261008T073703Z/clean/after_D2_terraform.json
[08:11:55] Clean: terraform has no findings (after_D2_terraform)
[08:12:06] === D2 [cloudformation]: inject
  Ground truth logged: D2 [cloudformation] — public_access_block_enabled
[D2] Disabled S3 public access block on driftfinder-s3-test-575108919391-cf
[08:12:10] Waiting 30s before scanning
[08:12:40] $ /Users/wikiwoo/DriftFinder/.venv/bin/python -c from driftfinder.cli.main import cli; cli() scan --config /Users/wikiwoo/DriftFinder/experiment-runs/20261008T073703Z/configs/.driftfinder-cloudformation.yml --output /Users/wikiwoo/DriftFinder/experiment-runs/20261008T073703Z/scans/D2_cloudformation --format json

  Resources scanned  : 9
  Resources with drift: 1
  Findings           : 5  (CRITICAL=5 HIGH=0 MEDIUM=0 LOW=0)
  Duration           : 89.212s

  SEV        RESOURCE               PROPERTY                             DECLARED           ACTUAL
  --------------------------------------------------------------------------------------------------------
  CRITICAL   driftfinder-s3-test-   public_access_block_enabled          True               False
  CRITICAL   driftfinder-s3-test-   block_public_acls                    True               False
  CRITICAL   driftfinder-s3-test-   ignore_public_acls                   True               False
  CRITICAL   driftfinder-s3-test-   block_public_policy                  True               False
  CRITICAL   driftfinder-s3-test-   restrict_public_buckets              True               False

  JSON report: /Users/wikiwoo/DriftFinder/experiment-runs/20261008T073703Z/scans/D2_cloudformation.json
  Result recorded: D2 [cloudformation] — TP
[08:14:29] === D2 [cloudformation]: reset
[D2 RESET] Restored S3 public access block on driftfinder-s3-test-575108919391-cf
[08:14:39] $ /Users/wikiwoo/DriftFinder/.venv/bin/python -c from driftfinder.cli.main import cli; cli() scan --config /Users/wikiwoo/DriftFinder/experiment-runs/20261008T073703Z/configs/.driftfinder-cloudformation.yml --output /Users/wikiwoo/DriftFinder/experiment-runs/20261008T073703Z/clean/after_D2_cloudformation --format json

  Resources scanned  : 9
  Resources with drift: 0
  Findings           : 0  (CRITICAL=0 HIGH=0 MEDIUM=0 LOW=0)
  Duration           : 92.952s

  No drift detected. All resources comply.

  JSON report: /Users/wikiwoo/DriftFinder/experiment-runs/20261008T073703Z/clean/after_D2_cloudformation.json
[08:16:28] Clean: cloudformation has no findings (after_D2_cloudformation)
[08:16:38] === D2 [pulumi]: inject
  Ground truth logged: D2 [pulumi] — public_access_block_enabled
[D2] Disabled S3 public access block on driftfinder-s3-test-575108919391-pulumi
[08:16:42] Waiting 30s before scanning
[08:17:12] $ /Users/wikiwoo/DriftFinder/.venv/bin/python -c from driftfinder.cli.main import cli; cli() scan --config /Users/wikiwoo/DriftFinder/experiment-runs/20261008T073703Z/configs/.driftfinder-pulumi.yml --output /Users/wikiwoo/DriftFinder/experiment-runs/20261008T073703Z/scans/D2_pulumi --format json

  Resources scanned  : 9
  Resources with drift: 1
  Findings           : 4  (CRITICAL=4 HIGH=0 MEDIUM=0 LOW=0)
  Duration           : 82.227s

  SEV        RESOURCE               PROPERTY                             DECLARED           ACTUAL
  --------------------------------------------------------------------------------------------------------
  CRITICAL   driftfinder-s3-test-   public_access_block_enabled          True               False
  CRITICAL   driftfinder-s3-test-   block_public_acls                    True               False
  CRITICAL   driftfinder-s3-test-   block_public_policy                  True               False
  CRITICAL   driftfinder-s3-test-   restrict_public_buckets              True               False

  JSON report: /Users/wikiwoo/DriftFinder/experiment-runs/20261008T073703Z/scans/D2_pulumi.json
  Result recorded: D2 [pulumi] — TP
[08:18:43] === D2 [pulumi]: reset
[D2 RESET] Restored S3 public access block on driftfinder-s3-test-575108919391-pulumi
[08:18:47] $ /Users/wikiwoo/DriftFinder/.venv/bin/python -c from driftfinder.cli.main import cli; cli() scan --config /Users/wikiwoo/DriftFinder/experiment-runs/20261008T073703Z/configs/.driftfinder-pulumi.yml --output /Users/wikiwoo/DriftFinder/experiment-runs/20261008T073703Z/clean/after_D2_pulumi --format json

  Resources scanned  : 9
  Resources with drift: 0
  Findings           : 0  (CRITICAL=0 HIGH=0 MEDIUM=0 LOW=0)
  Duration           : 73.038s

  No drift detected. All resources comply.

  JSON report: /Users/wikiwoo/DriftFinder/experiment-runs/20261008T073703Z/clean/after_D2_pulumi.json
[08:20:06] Clean: pulumi has no findings (after_D2_pulumi)
[08:20:20] === D3 [terraform]: inject
  Ground truth logged: D3 [terraform] — access_logging_enabled
[D3] Disabled S3 access logging on driftfinder-s3-test-575108919391-tf
[08:20:27] Waiting 30s before scanning
[08:20:57] $ /Users/wikiwoo/DriftFinder/.venv/bin/python -c from driftfinder.cli.main import cli; cli() scan --config /Users/wikiwoo/DriftFinder/experiment-runs/20261008T073703Z/configs/.driftfinder-terraform.yml --output /Users/wikiwoo/DriftFinder/experiment-runs/20261008T073703Z/scans/D3_terraform --format json

  Resources scanned  : 11
  Resources with drift: 1
  Findings           : 1  (CRITICAL=0 HIGH=0 MEDIUM=1 LOW=0)
  Duration           : 18.469s

  SEV        RESOURCE               PROPERTY                             DECLARED           ACTUAL
  --------------------------------------------------------------------------------------------------------
  MEDIUM     driftfinder-s3-test-   access_logging_enabled               True               False

  JSON report: /Users/wikiwoo/DriftFinder/experiment-runs/20261008T073703Z/scans/D3_terraform.json
  Result recorded: D3 [terraform] — TP
[08:21:17] === D3 [terraform]: reset
[D3 RESET] Restored S3 access logging on driftfinder-s3-test-575108919391-tf
[08:21:18] $ /Users/wikiwoo/DriftFinder/.venv/bin/python -c from driftfinder.cli.main import cli; cli() scan --config /Users/wikiwoo/DriftFinder/experiment-runs/20261008T073703Z/configs/.driftfinder-terraform.yml --output /Users/wikiwoo/DriftFinder/experiment-runs/20261008T073703Z/clean/after_D3_terraform --format json

  Resources scanned  : 11
  Resources with drift: 0
  Findings           : 0  (CRITICAL=0 HIGH=0 MEDIUM=0 LOW=0)
  Duration           : 12.244s

  No drift detected. All resources comply.

  JSON report: /Users/wikiwoo/DriftFinder/experiment-runs/20261008T073703Z/clean/after_D3_terraform.json
[08:21:33] Clean: terraform has no findings (after_D3_terraform)
[08:21:35] === D3 [cloudformation]: inject
  Ground truth logged: D3 [cloudformation] — access_logging_enabled
[D3] Disabled S3 access logging on driftfinder-s3-test-575108919391-cf
[08:21:36] Waiting 30s before scanning
[08:22:06] $ /Users/wikiwoo/DriftFinder/.venv/bin/python -c from driftfinder.cli.main import cli; cli() scan --config /Users/wikiwoo/DriftFinder/experiment-runs/20261008T073703Z/configs/.driftfinder-cloudformation.yml --output /Users/wikiwoo/DriftFinder/experiment-runs/20261008T073703Z/scans/D3_cloudformation --format json

  Resources scanned  : 9
  Resources with drift: 1
  Findings           : 1  (CRITICAL=0 HIGH=0 MEDIUM=1 LOW=0)
  Duration           : 31.808s

  SEV        RESOURCE               PROPERTY                             DECLARED           ACTUAL
  --------------------------------------------------------------------------------------------------------
  MEDIUM     driftfinder-s3-test-   access_logging_enabled               True               False

  JSON report: /Users/wikiwoo/DriftFinder/experiment-runs/20261008T073703Z/scans/D3_cloudformation.json
  Result recorded: D3 [cloudformation] — TP
[08:22:42] === D3 [cloudformation]: reset
[D3 RESET] Restored S3 access logging on driftfinder-s3-test-575108919391-cf
[08:22:44] $ /Users/wikiwoo/DriftFinder/.venv/bin/python -c from driftfinder.cli.main import cli; cli() scan --config /Users/wikiwoo/DriftFinder/experiment-runs/20261008T073703Z/configs/.driftfinder-cloudformation.yml --output /Users/wikiwoo/DriftFinder/experiment-runs/20261008T073703Z/clean/after_D3_cloudformation --format json

  Resources scanned  : 9
  Resources with drift: 0
  Findings           : 0  (CRITICAL=0 HIGH=0 MEDIUM=0 LOW=0)
  Duration           : 22.243s

  No drift detected. All resources comply.

  JSON report: /Users/wikiwoo/DriftFinder/experiment-runs/20261008T073703Z/clean/after_D3_cloudformation.json
[08:23:11] Clean: cloudformation has no findings (after_D3_cloudformation)
[08:23:13] === D3 [pulumi]: inject
  Ground truth logged: D3 [pulumi] — access_logging_enabled
[D3] Disabled S3 access logging on driftfinder-s3-test-575108919391-pulumi
[08:23:19] Waiting 30s before scanning
[08:23:49] $ /Users/wikiwoo/DriftFinder/.venv/bin/python -c from driftfinder.cli.main import cli; cli() scan --config /Users/wikiwoo/DriftFinder/experiment-runs/20261008T073703Z/configs/.driftfinder-pulumi.yml --output /Users/wikiwoo/DriftFinder/experiment-runs/20261008T073703Z/scans/D3_pulumi --format json

  Resources scanned  : 9
  Resources with drift: 1
  Findings           : 1  (CRITICAL=0 HIGH=0 MEDIUM=1 LOW=0)
  Duration           : 13.363s

  SEV        RESOURCE               PROPERTY                             DECLARED           ACTUAL
  --------------------------------------------------------------------------------------------------------
  MEDIUM     driftfinder-s3-test-   access_logging_enabled               True               False

  JSON report: /Users/wikiwoo/DriftFinder/experiment-runs/20261008T073703Z/scans/D3_pulumi.json
  Result recorded: D3 [pulumi] — TP
[08:24:04] === D3 [pulumi]: reset
[D3 RESET] Restored S3 access logging on driftfinder-s3-test-575108919391-pulumi
[08:24:06] $ /Users/wikiwoo/DriftFinder/.venv/bin/python -c from driftfinder.cli.main import cli; cli() scan --config /Users/wikiwoo/DriftFinder/experiment-runs/20261008T073703Z/configs/.driftfinder-pulumi.yml --output /Users/wikiwoo/DriftFinder/experiment-runs/20261008T073703Z/clean/after_D3_pulumi --format json

  Resources scanned  : 9
  Resources with drift: 0
  Findings           : 0  (CRITICAL=0 HIGH=0 MEDIUM=0 LOW=0)
  Duration           : 16.894s

  No drift detected. All resources comply.

  JSON report: /Users/wikiwoo/DriftFinder/experiment-runs/20261008T073703Z/clean/after_D3_pulumi.json
[08:24:25] Clean: pulumi has no findings (after_D3_pulumi)
[08:24:27] === D4 [terraform]: inject
  Ground truth logged: D4 [terraform] — unrestricted_ssh_ingress
[D4] Added unrestricted SSH ingress to sg-0b158f112746d8285
[08:24:29] Waiting 30s before scanning
[08:24:59] $ /Users/wikiwoo/DriftFinder/.venv/bin/python -c from driftfinder.cli.main import cli; cli() scan --config /Users/wikiwoo/DriftFinder/experiment-runs/20261008T073703Z/configs/.driftfinder-terraform.yml --output /Users/wikiwoo/DriftFinder/experiment-runs/20261008T073703Z/scans/D4_terraform --format json

  Resources scanned  : 11
  Resources with drift: 1
  Findings           : 1  (CRITICAL=1 HIGH=0 MEDIUM=0 LOW=0)
  Duration           : 11.468s

  SEV        RESOURCE               PROPERTY                             DECLARED           ACTUAL
  --------------------------------------------------------------------------------------------------------
  CRITICAL   sg-0b158f112746d8285   unrestricted_ssh_ingress             False              True

  JSON report: /Users/wikiwoo/DriftFinder/experiment-runs/20261008T073703Z/scans/D4_terraform.json
  Result recorded: D4 [terraform] — TP
[08:25:12] === D4 [terraform]: reset
[D4 RESET] Removed unrestricted SSH ingress from sg-0b158f112746d8285
[08:25:15] $ /Users/wikiwoo/DriftFinder/.venv/bin/python -c from driftfinder.cli.main import cli; cli() scan --config /Users/wikiwoo/DriftFinder/experiment-runs/20261008T073703Z/configs/.driftfinder-terraform.yml --output /Users/wikiwoo/DriftFinder/experiment-runs/20261008T073703Z/clean/after_D4_terraform --format json

  Resources scanned  : 11
  Resources with drift: 0
  Findings           : 0  (CRITICAL=0 HIGH=0 MEDIUM=0 LOW=0)
  Duration           : 15.139s

  No drift detected. All resources comply.

  JSON report: /Users/wikiwoo/DriftFinder/experiment-runs/20261008T073703Z/clean/after_D4_terraform.json
[08:25:33] Clean: terraform has no findings (after_D4_terraform)
[08:25:34] === D4 [cloudformation]: inject
  Ground truth logged: D4 [cloudformation] — unrestricted_ssh_ingress
[D4] Added unrestricted SSH ingress to sg-0d6ebc31a26a76c20
[08:25:36] Waiting 30s before scanning
[08:26:06] $ /Users/wikiwoo/DriftFinder/.venv/bin/python -c from driftfinder.cli.main import cli; cli() scan --config /Users/wikiwoo/DriftFinder/experiment-runs/20261008T073703Z/configs/.driftfinder-cloudformation.yml --output /Users/wikiwoo/DriftFinder/experiment-runs/20261008T073703Z/scans/D4_cloudformation --format json

  Resources scanned  : 9
  Resources with drift: 1
  Findings           : 1  (CRITICAL=1 HIGH=0 MEDIUM=0 LOW=0)
  Duration           : 20.323s

  SEV        RESOURCE               PROPERTY                             DECLARED           ACTUAL
  --------------------------------------------------------------------------------------------------------
  CRITICAL   sg-0d6ebc31a26a76c20   unrestricted_ssh_ingress             False              True

  JSON report: /Users/wikiwoo/DriftFinder/experiment-runs/20261008T073703Z/scans/D4_cloudformation.json
  Result recorded: D4 [cloudformation] — TP
[08:26:31] === D4 [cloudformation]: reset
[D4 RESET] Removed unrestricted SSH ingress from sg-0d6ebc31a26a76c20
[08:26:33] $ /Users/wikiwoo/DriftFinder/.venv/bin/python -c from driftfinder.cli.main import cli; cli() scan --config /Users/wikiwoo/DriftFinder/experiment-runs/20261008T073703Z/configs/.driftfinder-cloudformation.yml --output /Users/wikiwoo/DriftFinder/experiment-runs/20261008T073703Z/clean/after_D4_cloudformation --format json

  Resources scanned  : 9
  Resources with drift: 0
  Findings           : 0  (CRITICAL=0 HIGH=0 MEDIUM=0 LOW=0)
  Duration           : 24.318s

  No drift detected. All resources comply.

  JSON report: /Users/wikiwoo/DriftFinder/experiment-runs/20261008T073703Z/clean/after_D4_cloudformation.json
[08:27:01] Clean: cloudformation has no findings (after_D4_cloudformation)
[08:27:06] === D4 [pulumi]: inject
  Ground truth logged: D4 [pulumi] — unrestricted_ssh_ingress
[D4] Added unrestricted SSH ingress to sg-041aaea088015b950
[08:27:08] Waiting 30s before scanning
[08:27:38] $ /Users/wikiwoo/DriftFinder/.venv/bin/python -c from driftfinder.cli.main import cli; cli() scan --config /Users/wikiwoo/DriftFinder/experiment-runs/20261008T073703Z/configs/.driftfinder-pulumi.yml --output /Users/wikiwoo/DriftFinder/experiment-runs/20261008T073703Z/scans/D4_pulumi --format json

  Resources scanned  : 9
  Resources with drift: 1
  Findings           : 1  (CRITICAL=1 HIGH=0 MEDIUM=0 LOW=0)
  Duration           : 17.385s

  SEV        RESOURCE               PROPERTY                             DECLARED           ACTUAL
  --------------------------------------------------------------------------------------------------------
  CRITICAL   sg-041aaea088015b950   unrestricted_ssh_ingress             False              True

  JSON report: /Users/wikiwoo/DriftFinder/experiment-runs/20261008T073703Z/scans/D4_pulumi.json
  Result recorded: D4 [pulumi] — TP
[08:28:00] === D4 [pulumi]: reset
[D4 RESET] Removed unrestricted SSH ingress from sg-041aaea088015b950
[08:28:02] $ /Users/wikiwoo/DriftFinder/.venv/bin/python -c from driftfinder.cli.main import cli; cli() scan --config /Users/wikiwoo/DriftFinder/experiment-runs/20261008T073703Z/configs/.driftfinder-pulumi.yml --output /Users/wikiwoo/DriftFinder/experiment-runs/20261008T073703Z/clean/after_D4_pulumi --format json

  Resources scanned  : 9
  Resources with drift: 0
  Findings           : 0  (CRITICAL=0 HIGH=0 MEDIUM=0 LOW=0)
  Duration           : 14.289s

  No drift detected. All resources comply.

  JSON report: /Users/wikiwoo/DriftFinder/experiment-runs/20261008T073703Z/clean/after_D4_pulumi.json
[08:28:19] Clean: pulumi has no findings (after_D4_pulumi)
[08:28:19] === D5 [terraform]: inject
  Ground truth logged: D5 [terraform] — unrestricted_rdp_ingress
[D5] Added unrestricted RDP ingress to sg-0b158f112746d8285
[08:28:21] Waiting 30s before scanning
[08:28:51] $ /Users/wikiwoo/DriftFinder/.venv/bin/python -c from driftfinder.cli.main import cli; cli() scan --config /Users/wikiwoo/DriftFinder/experiment-runs/20261008T073703Z/configs/.driftfinder-terraform.yml --output /Users/wikiwoo/DriftFinder/experiment-runs/20261008T073703Z/scans/D5_terraform --format json

  Resources scanned  : 11
  Resources with drift: 1
  Findings           : 1  (CRITICAL=1 HIGH=0 MEDIUM=0 LOW=0)
  Duration           : 15.814s

  SEV        RESOURCE               PROPERTY                             DECLARED           ACTUAL
  --------------------------------------------------------------------------------------------------------
  CRITICAL   sg-0b158f112746d8285   unrestricted_rdp_ingress             False              True

  JSON report: /Users/wikiwoo/DriftFinder/experiment-runs/20261008T073703Z/scans/D5_terraform.json
  Result recorded: D5 [terraform] — TP
[08:29:10] === D5 [terraform]: reset
[D5 RESET] Removed unrestricted RDP ingress from sg-0b158f112746d8285
[08:29:12] $ /Users/wikiwoo/DriftFinder/.venv/bin/python -c from driftfinder.cli.main import cli; cli() scan --config /Users/wikiwoo/DriftFinder/experiment-runs/20261008T073703Z/configs/.driftfinder-terraform.yml --output /Users/wikiwoo/DriftFinder/experiment-runs/20261008T073703Z/clean/after_D5_terraform --format json

  Resources scanned  : 11
  Resources with drift: 0
  Findings           : 0  (CRITICAL=0 HIGH=0 MEDIUM=0 LOW=0)
  Duration           : 17.209s

  No drift detected. All resources comply.

  JSON report: /Users/wikiwoo/DriftFinder/experiment-runs/20261008T073703Z/clean/after_D5_terraform.json
[08:29:31] Clean: terraform has no findings (after_D5_terraform)
[08:29:48] === D5 [cloudformation]: inject
  Ground truth logged: D5 [cloudformation] — unrestricted_rdp_ingress
[D5] Added unrestricted RDP ingress to sg-0d6ebc31a26a76c20
[08:29:51] Waiting 30s before scanning
[08:30:21] $ /Users/wikiwoo/DriftFinder/.venv/bin/python -c from driftfinder.cli.main import cli; cli() scan --config /Users/wikiwoo/DriftFinder/experiment-runs/20261008T073703Z/configs/.driftfinder-cloudformation.yml --output /Users/wikiwoo/DriftFinder/experiment-runs/20261008T073703Z/scans/D5_cloudformation --format json

  Resources scanned  : 9
  Resources with drift: 1
  Findings           : 1  (CRITICAL=1 HIGH=0 MEDIUM=0 LOW=0)
  Duration           : 19.586s

  SEV        RESOURCE               PROPERTY                             DECLARED           ACTUAL
  --------------------------------------------------------------------------------------------------------
  CRITICAL   sg-0d6ebc31a26a76c20   unrestricted_rdp_ingress             False              True

  JSON report: /Users/wikiwoo/DriftFinder/experiment-runs/20261008T073703Z/scans/D5_cloudformation.json
  Result recorded: D5 [cloudformation] — TP
[08:30:45] === D5 [cloudformation]: reset
[D5 RESET] Removed unrestricted RDP ingress from sg-0d6ebc31a26a76c20
[08:30:46] $ /Users/wikiwoo/DriftFinder/.venv/bin/python -c from driftfinder.cli.main import cli; cli() scan --config /Users/wikiwoo/DriftFinder/experiment-runs/20261008T073703Z/configs/.driftfinder-cloudformation.yml --output /Users/wikiwoo/DriftFinder/experiment-runs/20261008T073703Z/clean/after_D5_cloudformation --format json

  Resources scanned  : 9
  Resources with drift: 0
  Findings           : 0  (CRITICAL=0 HIGH=0 MEDIUM=0 LOW=0)
  Duration           : 24.295s

  No drift detected. All resources comply.

  JSON report: /Users/wikiwoo/DriftFinder/experiment-runs/20261008T073703Z/clean/after_D5_cloudformation.json
[08:31:16] Clean: cloudformation has no findings (after_D5_cloudformation)
[08:31:17] === D5 [pulumi]: inject
  Ground truth logged: D5 [pulumi] — unrestricted_rdp_ingress
[D5] Added unrestricted RDP ingress to sg-041aaea088015b950
[08:31:19] Waiting 30s before scanning
[08:31:49] $ /Users/wikiwoo/DriftFinder/.venv/bin/python -c from driftfinder.cli.main import cli; cli() scan --config /Users/wikiwoo/DriftFinder/experiment-runs/20261008T073703Z/configs/.driftfinder-pulumi.yml --output /Users/wikiwoo/DriftFinder/experiment-runs/20261008T073703Z/scans/D5_pulumi --format json

  Resources scanned  : 9
  Resources with drift: 1
  Findings           : 1  (CRITICAL=1 HIGH=0 MEDIUM=0 LOW=0)
  Duration           : 22.52s

  SEV        RESOURCE               PROPERTY                             DECLARED           ACTUAL
  --------------------------------------------------------------------------------------------------------
  CRITICAL   sg-041aaea088015b950   unrestricted_rdp_ingress             False              True

  JSON report: /Users/wikiwoo/DriftFinder/experiment-runs/20261008T073703Z/scans/D5_pulumi.json
  Result recorded: D5 [pulumi] — TP
[08:32:15] === D5 [pulumi]: reset
[D5 RESET] Removed unrestricted RDP ingress from sg-041aaea088015b950
[08:32:17] $ /Users/wikiwoo/DriftFinder/.venv/bin/python -c from driftfinder.cli.main import cli; cli() scan --config /Users/wikiwoo/DriftFinder/experiment-runs/20261008T073703Z/configs/.driftfinder-pulumi.yml --output /Users/wikiwoo/DriftFinder/experiment-runs/20261008T073703Z/clean/after_D5_pulumi --format json

  Resources scanned  : 9
  Resources with drift: 0
  Findings           : 0  (CRITICAL=0 HIGH=0 MEDIUM=0 LOW=0)
  Duration           : 13.374s

  No drift detected. All resources comply.

  JSON report: /Users/wikiwoo/DriftFinder/experiment-runs/20261008T073703Z/clean/after_D5_pulumi.json
[08:32:33] Clean: pulumi has no findings (after_D5_pulumi)
[08:32:35] === D6 [terraform]: inject
  Ground truth logged: D6 [terraform] — unrestricted_all_traffic_egress
[D6] Added unrestricted egress to sg-0b158f112746d8285
[08:32:36] Waiting 30s before scanning
[08:33:06] $ /Users/wikiwoo/DriftFinder/.venv/bin/python -c from driftfinder.cli.main import cli; cli() scan --config /Users/wikiwoo/DriftFinder/experiment-runs/20261008T073703Z/configs/.driftfinder-terraform.yml --output /Users/wikiwoo/DriftFinder/experiment-runs/20261008T073703Z/scans/D6_terraform --format json

  Resources scanned  : 11
  Resources with drift: 1
  Findings           : 1  (CRITICAL=0 HIGH=0 MEDIUM=1 LOW=0)
  Duration           : 17.504s

  SEV        RESOURCE               PROPERTY                             DECLARED           ACTUAL
  --------------------------------------------------------------------------------------------------------
  MEDIUM     sg-0b158f112746d8285   unrestricted_all_traffic_egress      False              True

  JSON report: /Users/wikiwoo/DriftFinder/experiment-runs/20261008T073703Z/scans/D6_terraform.json
  Result recorded: D6 [terraform] — TP
[08:33:26] === D6 [terraform]: reset
[D6 RESET] Removed unrestricted egress from sg-0b158f112746d8285
[08:33:28] $ /Users/wikiwoo/DriftFinder/.venv/bin/python -c from driftfinder.cli.main import cli; cli() scan --config /Users/wikiwoo/DriftFinder/experiment-runs/20261008T073703Z/configs/.driftfinder-terraform.yml --output /Users/wikiwoo/DriftFinder/experiment-runs/20261008T073703Z/clean/after_D6_terraform --format json

  Resources scanned  : 11
  Resources with drift: 0
  Findings           : 0  (CRITICAL=0 HIGH=0 MEDIUM=0 LOW=0)
  Duration           : 15.546s

  No drift detected. All resources comply.

  JSON report: /Users/wikiwoo/DriftFinder/experiment-runs/20261008T073703Z/clean/after_D6_terraform.json
[08:33:47] Clean: terraform has no findings (after_D6_terraform)
[08:33:49] === D6 [cloudformation]: inject
  Ground truth logged: D6 [cloudformation] — unrestricted_all_traffic_egress
[D6] Added unrestricted egress to sg-0d6ebc31a26a76c20
[08:33:51] Waiting 30s before scanning
[08:34:21] $ /Users/wikiwoo/DriftFinder/.venv/bin/python -c from driftfinder.cli.main import cli; cli() scan --config /Users/wikiwoo/DriftFinder/experiment-runs/20261008T073703Z/configs/.driftfinder-cloudformation.yml --output /Users/wikiwoo/DriftFinder/experiment-runs/20261008T073703Z/scans/D6_cloudformation --format json

  Resources scanned  : 9
  Resources with drift: 1
  Findings           : 1  (CRITICAL=0 HIGH=0 MEDIUM=1 LOW=0)
  Duration           : 22.73s

  SEV        RESOURCE               PROPERTY                             DECLARED           ACTUAL
  --------------------------------------------------------------------------------------------------------
  MEDIUM     sg-0d6ebc31a26a76c20   unrestricted_all_traffic_egress      False              True

  JSON report: /Users/wikiwoo/DriftFinder/experiment-runs/20261008T073703Z/scans/D6_cloudformation.json
  Result recorded: D6 [cloudformation] — TP
[08:34:48] === D6 [cloudformation]: reset
[D6 RESET] Removed unrestricted egress from sg-0d6ebc31a26a76c20
[08:34:50] $ /Users/wikiwoo/DriftFinder/.venv/bin/python -c from driftfinder.cli.main import cli; cli() scan --config /Users/wikiwoo/DriftFinder/experiment-runs/20261008T073703Z/configs/.driftfinder-cloudformation.yml --output /Users/wikiwoo/DriftFinder/experiment-runs/20261008T073703Z/clean/after_D6_cloudformation --format json

  Resources scanned  : 9
  Resources with drift: 0
  Findings           : 0  (CRITICAL=0 HIGH=0 MEDIUM=0 LOW=0)
  Duration           : 24.576s

  No drift detected. All resources comply.

  JSON report: /Users/wikiwoo/DriftFinder/experiment-runs/20261008T073703Z/clean/after_D6_cloudformation.json
[08:35:19] Clean: cloudformation has no findings (after_D6_cloudformation)
[08:35:20] === D6 [pulumi]: inject
  Ground truth logged: D6 [pulumi] — unrestricted_all_traffic_egress
[D6] Added unrestricted egress to sg-041aaea088015b950
[08:35:23] Waiting 30s before scanning
[08:35:53] $ /Users/wikiwoo/DriftFinder/.venv/bin/python -c from driftfinder.cli.main import cli; cli() scan --config /Users/wikiwoo/DriftFinder/experiment-runs/20261008T073703Z/configs/.driftfinder-pulumi.yml --output /Users/wikiwoo/DriftFinder/experiment-runs/20261008T073703Z/scans/D6_pulumi --format json

  Resources scanned  : 9
  Resources with drift: 1
  Findings           : 1  (CRITICAL=0 HIGH=0 MEDIUM=1 LOW=0)
  Duration           : 13.177s

  SEV        RESOURCE               PROPERTY                             DECLARED           ACTUAL
  --------------------------------------------------------------------------------------------------------
  MEDIUM     sg-041aaea088015b950   unrestricted_all_traffic_egress      False              True

  JSON report: /Users/wikiwoo/DriftFinder/experiment-runs/20261008T073703Z/scans/D6_pulumi.json
  Result recorded: D6 [pulumi] — TP
[08:36:08] === D6 [pulumi]: reset
[D6 RESET] Removed unrestricted egress from sg-041aaea088015b950
[08:36:10] $ /Users/wikiwoo/DriftFinder/.venv/bin/python -c from driftfinder.cli.main import cli; cli() scan --config /Users/wikiwoo/DriftFinder/experiment-runs/20261008T073703Z/configs/.driftfinder-pulumi.yml --output /Users/wikiwoo/DriftFinder/experiment-runs/20261008T073703Z/clean/after_D6_pulumi --format json

  Resources scanned  : 9
  Resources with drift: 0
  Findings           : 0  (CRITICAL=0 HIGH=0 MEDIUM=0 LOW=0)
  Duration           : 16.034s

  No drift detected. All resources comply.

  JSON report: /Users/wikiwoo/DriftFinder/experiment-runs/20261008T073703Z/clean/after_D6_pulumi.json
[08:36:28] Clean: pulumi has no findings (after_D6_pulumi)
[08:36:30] === D7 [terraform]: inject
  Ground truth logged: D7 [terraform] — has_wildcard_action
[D7] Added wildcard action to arn:aws:iam::575108919391:policy/driftfinder-iam-test
[08:36:32] Waiting 30s before scanning
[08:37:02] $ /Users/wikiwoo/DriftFinder/.venv/bin/python -c from driftfinder.cli.main import cli; cli() scan --config /Users/wikiwoo/DriftFinder/experiment-runs/20261008T073703Z/configs/.driftfinder-terraform.yml --output /Users/wikiwoo/DriftFinder/experiment-runs/20261008T073703Z/scans/D7_terraform --format json

  Resources scanned  : 11
  Resources with drift: 1
  Findings           : 5  (CRITICAL=1 HIGH=2 MEDIUM=1 LOW=1)
  Duration           : 13.45s

  SEV        RESOURCE               PROPERTY                             DECLARED           ACTUAL
  --------------------------------------------------------------------------------------------------------
  CRITICAL   arn:aws:iam::5751089   has_wildcard_action                  False              True
  HIGH       arn:aws:iam::5751089   has_wildcard_resource                False              True
  HIGH       arn:aws:iam::5751089   has_admin_access                     False              True
  MEDIUM     arn:aws:iam::5751089   has_explicit_deny                    True               False
  LOW        arn:aws:iam::5751089   policy_document_hash                 2760a46414032692   512d22ccdcd85f41237a67f3

  JSON report: /Users/wikiwoo/DriftFinder/experiment-runs/20261008T073703Z/scans/D7_terraform.json
  Result recorded: D7 [terraform] — TP
[08:37:18] === D7 [terraform]: reset
[D7 RESET] Restored compliant policy on arn:aws:iam::575108919391:policy/driftfinder-iam-test
[08:37:21] $ /Users/wikiwoo/DriftFinder/.venv/bin/python -c from driftfinder.cli.main import cli; cli() scan --config /Users/wikiwoo/DriftFinder/experiment-runs/20261008T073703Z/configs/.driftfinder-terraform.yml --output /Users/wikiwoo/DriftFinder/experiment-runs/20261008T073703Z/clean/after_D7_terraform --format json

  Resources scanned  : 11
  Resources with drift: 0
  Findings           : 0  (CRITICAL=0 HIGH=0 MEDIUM=0 LOW=0)
  Duration           : 15.876s

  No drift detected. All resources comply.

  JSON report: /Users/wikiwoo/DriftFinder/experiment-runs/20261008T073703Z/clean/after_D7_terraform.json
[08:37:39] Clean: terraform has no findings (after_D7_terraform)
[08:37:41] === D7 [cloudformation]: inject
  Ground truth logged: D7 [cloudformation] — has_wildcard_action
[D7] Added wildcard action to arn:aws:iam::575108919391:policy/driftfinder-iam-test-cf
[08:37:43] Waiting 30s before scanning
[08:38:13] $ /Users/wikiwoo/DriftFinder/.venv/bin/python -c from driftfinder.cli.main import cli; cli() scan --config /Users/wikiwoo/DriftFinder/experiment-runs/20261008T073703Z/configs/.driftfinder-cloudformation.yml --output /Users/wikiwoo/DriftFinder/experiment-runs/20261008T073703Z/scans/D7_cloudformation --format json

  Resources scanned  : 9
  Resources with drift: 1
  Findings           : 5  (CRITICAL=1 HIGH=2 MEDIUM=1 LOW=1)
  Duration           : 22.163s

  SEV        RESOURCE               PROPERTY                             DECLARED           ACTUAL
  --------------------------------------------------------------------------------------------------------
  CRITICAL   arn:aws:iam::5751089   has_wildcard_action                  False              True
  HIGH       arn:aws:iam::5751089   has_wildcard_resource                False              True
  HIGH       arn:aws:iam::5751089   has_admin_access                     False              True
  MEDIUM     arn:aws:iam::5751089   has_explicit_deny                    True               False
  LOW        arn:aws:iam::5751089   policy_document_hash                 2760a46414032692   512d22ccdcd85f41237a67f3

  JSON report: /Users/wikiwoo/DriftFinder/experiment-runs/20261008T073703Z/scans/D7_cloudformation.json
  Result recorded: D7 [cloudformation] — TP
[08:38:40] === D7 [cloudformation]: reset
[D7 RESET] Restored compliant policy on arn:aws:iam::575108919391:policy/driftfinder-iam-test-cf
[08:38:45] $ /Users/wikiwoo/DriftFinder/.venv/bin/python -c from driftfinder.cli.main import cli; cli() scan --config /Users/wikiwoo/DriftFinder/experiment-runs/20261008T073703Z/configs/.driftfinder-cloudformation.yml --output /Users/wikiwoo/DriftFinder/experiment-runs/20261008T073703Z/clean/after_D7_cloudformation --format json

  Resources scanned  : 9
  Resources with drift: 0
  Findings           : 0  (CRITICAL=0 HIGH=0 MEDIUM=0 LOW=0)
  Duration           : 23.141s

  No drift detected. All resources comply.

  JSON report: /Users/wikiwoo/DriftFinder/experiment-runs/20261008T073703Z/clean/after_D7_cloudformation.json
[08:39:13] Clean: cloudformation has no findings (after_D7_cloudformation)
[08:39:15] === D7 [pulumi]: inject
  Ground truth logged: D7 [pulumi] — has_wildcard_action
[D7] Added wildcard action to arn:aws:iam::575108919391:policy/driftfinder-iam-test-pulumi
[08:39:17] Waiting 30s before scanning
[08:39:47] $ /Users/wikiwoo/DriftFinder/.venv/bin/python -c from driftfinder.cli.main import cli; cli() scan --config /Users/wikiwoo/DriftFinder/experiment-runs/20261008T073703Z/configs/.driftfinder-pulumi.yml --output /Users/wikiwoo/DriftFinder/experiment-runs/20261008T073703Z/scans/D7_pulumi --format json

  Resources scanned  : 9
  Resources with drift: 1
  Findings           : 5  (CRITICAL=1 HIGH=2 MEDIUM=1 LOW=1)
  Duration           : 16.383s

  SEV        RESOURCE               PROPERTY                             DECLARED           ACTUAL
  --------------------------------------------------------------------------------------------------------
  CRITICAL   arn:aws:iam::5751089   has_wildcard_action                  False              True
  HIGH       arn:aws:iam::5751089   has_wildcard_resource                False              True
  HIGH       arn:aws:iam::5751089   has_admin_access                     False              True
  MEDIUM     arn:aws:iam::5751089   has_explicit_deny                    True               False
  LOW        arn:aws:iam::5751089   policy_document_hash                 2760a46414032692   512d22ccdcd85f41237a67f3

  JSON report: /Users/wikiwoo/DriftFinder/experiment-runs/20261008T073703Z/scans/D7_pulumi.json
  Result recorded: D7 [pulumi] — TP
[08:40:06] === D7 [pulumi]: reset
[D7 RESET] Restored compliant policy on arn:aws:iam::575108919391:policy/driftfinder-iam-test-pulumi
[08:40:08] $ /Users/wikiwoo/DriftFinder/.venv/bin/python -c from driftfinder.cli.main import cli; cli() scan --config /Users/wikiwoo/DriftFinder/experiment-runs/20261008T073703Z/configs/.driftfinder-pulumi.yml --output /Users/wikiwoo/DriftFinder/experiment-runs/20261008T073703Z/clean/after_D7_pulumi --format json

  Resources scanned  : 9
  Resources with drift: 0
  Findings           : 0  (CRITICAL=0 HIGH=0 MEDIUM=0 LOW=0)
  Duration           : 12.867s

  No drift detected. All resources comply.

  JSON report: /Users/wikiwoo/DriftFinder/experiment-runs/20261008T073703Z/clean/after_D7_pulumi.json
[08:40:24] Clean: pulumi has no findings (after_D7_pulumi)
[08:40:27] === D8 [terraform]: inject
  Ground truth logged: D8 [terraform] — has_admin_access
[D8] Applied admin-equivalent policy to arn:aws:iam::575108919391:policy/driftfinder-iam-test
[08:40:28] Waiting 30s before scanning
[08:40:58] $ /Users/wikiwoo/DriftFinder/.venv/bin/python -c from driftfinder.cli.main import cli; cli() scan --config /Users/wikiwoo/DriftFinder/experiment-runs/20261008T073703Z/configs/.driftfinder-terraform.yml --output /Users/wikiwoo/DriftFinder/experiment-runs/20261008T073703Z/scans/D8_terraform --format json

  Resources scanned  : 11
  Resources with drift: 1
  Findings           : 5  (CRITICAL=1 HIGH=2 MEDIUM=1 LOW=1)
  Duration           : 15.446s

  SEV        RESOURCE               PROPERTY                             DECLARED           ACTUAL
  --------------------------------------------------------------------------------------------------------
  CRITICAL   arn:aws:iam::5751089   has_wildcard_action                  False              True
  HIGH       arn:aws:iam::5751089   has_wildcard_resource                False              True
  HIGH       arn:aws:iam::5751089   has_admin_access                     False              True
  MEDIUM     arn:aws:iam::5751089   has_explicit_deny                    True               False
  LOW        arn:aws:iam::5751089   policy_document_hash                 2760a46414032692   8fc93fedfdb5acca3135a3aa

  JSON report: /Users/wikiwoo/DriftFinder/experiment-runs/20261008T073703Z/scans/D8_terraform.json
  Result recorded: D8 [terraform] — TP
[08:41:17] === D8 [terraform]: reset
[D7 RESET] Restored compliant policy on arn:aws:iam::575108919391:policy/driftfinder-iam-test
[D8 RESET] Restored compliant policy
[08:41:19] $ /Users/wikiwoo/DriftFinder/.venv/bin/python -c from driftfinder.cli.main import cli; cli() scan --config /Users/wikiwoo/DriftFinder/experiment-runs/20261008T073703Z/configs/.driftfinder-terraform.yml --output /Users/wikiwoo/DriftFinder/experiment-runs/20261008T073703Z/clean/after_D8_terraform --format json

  Resources scanned  : 11
  Resources with drift: 0
  Findings           : 0  (CRITICAL=0 HIGH=0 MEDIUM=0 LOW=0)
  Duration           : 13.469s

  No drift detected. All resources comply.

  JSON report: /Users/wikiwoo/DriftFinder/experiment-runs/20261008T073703Z/clean/after_D8_terraform.json
[08:41:35] Clean: terraform has no findings (after_D8_terraform)
[08:41:38] === D8 [cloudformation]: inject
  Ground truth logged: D8 [cloudformation] — has_admin_access
[D8] Applied admin-equivalent policy to arn:aws:iam::575108919391:policy/driftfinder-iam-test-cf
[08:41:40] Waiting 30s before scanning
[08:42:10] $ /Users/wikiwoo/DriftFinder/.venv/bin/python -c from driftfinder.cli.main import cli; cli() scan --config /Users/wikiwoo/DriftFinder/experiment-runs/20261008T073703Z/configs/.driftfinder-cloudformation.yml --output /Users/wikiwoo/DriftFinder/experiment-runs/20261008T073703Z/scans/D8_cloudformation --format json

  Resources scanned  : 9
  Resources with drift: 1
  Findings           : 5  (CRITICAL=1 HIGH=2 MEDIUM=1 LOW=1)
  Duration           : 25.61s

  SEV        RESOURCE               PROPERTY                             DECLARED           ACTUAL
  --------------------------------------------------------------------------------------------------------
  CRITICAL   arn:aws:iam::5751089   has_wildcard_action                  False              True
  HIGH       arn:aws:iam::5751089   has_wildcard_resource                False              True
  HIGH       arn:aws:iam::5751089   has_admin_access                     False              True
  MEDIUM     arn:aws:iam::5751089   has_explicit_deny                    True               False
  LOW        arn:aws:iam::5751089   policy_document_hash                 2760a46414032692   8fc93fedfdb5acca3135a3aa

  JSON report: /Users/wikiwoo/DriftFinder/experiment-runs/20261008T073703Z/scans/D8_cloudformation.json
  Result recorded: D8 [cloudformation] — TP
[08:42:38] === D8 [cloudformation]: reset
[D7 RESET] Restored compliant policy on arn:aws:iam::575108919391:policy/driftfinder-iam-test-cf
[D8 RESET] Restored compliant policy
[08:42:41] $ /Users/wikiwoo/DriftFinder/.venv/bin/python -c from driftfinder.cli.main import cli; cli() scan --config /Users/wikiwoo/DriftFinder/experiment-runs/20261008T073703Z/configs/.driftfinder-cloudformation.yml --output /Users/wikiwoo/DriftFinder/experiment-runs/20261008T073703Z/clean/after_D8_cloudformation --format json

  Resources scanned  : 9
  Resources with drift: 0
  Findings           : 0  (CRITICAL=0 HIGH=0 MEDIUM=0 LOW=0)
  Duration           : 31.007s

  No drift detected. All resources comply.

  JSON report: /Users/wikiwoo/DriftFinder/experiment-runs/20261008T073703Z/clean/after_D8_cloudformation.json
[08:43:16] Clean: cloudformation has no findings (after_D8_cloudformation)
[08:43:17] === D8 [pulumi]: inject
  Ground truth logged: D8 [pulumi] — has_admin_access
[D8] Applied admin-equivalent policy to arn:aws:iam::575108919391:policy/driftfinder-iam-test-pulumi
[08:43:18] Waiting 30s before scanning
[08:43:48] $ /Users/wikiwoo/DriftFinder/.venv/bin/python -c from driftfinder.cli.main import cli; cli() scan --config /Users/wikiwoo/DriftFinder/experiment-runs/20261008T073703Z/configs/.driftfinder-pulumi.yml --output /Users/wikiwoo/DriftFinder/experiment-runs/20261008T073703Z/scans/D8_pulumi --format json

  Resources scanned  : 9
  Resources with drift: 1
  Findings           : 5  (CRITICAL=1 HIGH=2 MEDIUM=1 LOW=1)
  Duration           : 18.643s

  SEV        RESOURCE               PROPERTY                             DECLARED           ACTUAL
  --------------------------------------------------------------------------------------------------------
  CRITICAL   arn:aws:iam::5751089   has_wildcard_action                  False              True
  HIGH       arn:aws:iam::5751089   has_wildcard_resource                False              True
  HIGH       arn:aws:iam::5751089   has_admin_access                     False              True
  MEDIUM     arn:aws:iam::5751089   has_explicit_deny                    True               False
  LOW        arn:aws:iam::5751089   policy_document_hash                 2760a46414032692   8fc93fedfdb5acca3135a3aa

  JSON report: /Users/wikiwoo/DriftFinder/experiment-runs/20261008T073703Z/scans/D8_pulumi.json
  Result recorded: D8 [pulumi] — TP
[08:44:10] === D8 [pulumi]: reset
[D7 RESET] Restored compliant policy on arn:aws:iam::575108919391:policy/driftfinder-iam-test-pulumi
[D8 RESET] Restored compliant policy
[08:44:13] $ /Users/wikiwoo/DriftFinder/.venv/bin/python -c from driftfinder.cli.main import cli; cli() scan --config /Users/wikiwoo/DriftFinder/experiment-runs/20261008T073703Z/configs/.driftfinder-pulumi.yml --output /Users/wikiwoo/DriftFinder/experiment-runs/20261008T073703Z/clean/after_D8_pulumi --format json

  Resources scanned  : 9
  Resources with drift: 0
  Findings           : 0  (CRITICAL=0 HIGH=0 MEDIUM=0 LOW=0)
  Duration           : 15.131s

  No drift detected. All resources comply.

  JSON report: /Users/wikiwoo/DriftFinder/experiment-runs/20261008T073703Z/clean/after_D8_pulumi.json
[08:44:31] Clean: pulumi has no findings (after_D8_pulumi)
[08:44:33] === D9 [terraform]: inject
  Ground truth logged: D9 [terraform] — has_explicit_deny
[D9] Removed explicit deny from arn:aws:iam::575108919391:policy/driftfinder-iam-test
[08:44:35] Waiting 30s before scanning
[08:45:05] $ /Users/wikiwoo/DriftFinder/.venv/bin/python -c from driftfinder.cli.main import cli; cli() scan --config /Users/wikiwoo/DriftFinder/experiment-runs/20261008T073703Z/configs/.driftfinder-terraform.yml --output /Users/wikiwoo/DriftFinder/experiment-runs/20261008T073703Z/scans/D9_terraform --format json

  Resources scanned  : 11
  Resources with drift: 1
  Findings           : 2  (CRITICAL=0 HIGH=0 MEDIUM=1 LOW=1)
  Duration           : 22.358s

  SEV        RESOURCE               PROPERTY                             DECLARED           ACTUAL
  --------------------------------------------------------------------------------------------------------
  MEDIUM     arn:aws:iam::5751089   has_explicit_deny                    True               False
  LOW        arn:aws:iam::5751089   policy_document_hash                 2760a46414032692   010b641bd94d5bea1e9904f4

  JSON report: /Users/wikiwoo/DriftFinder/experiment-runs/20261008T073703Z/scans/D9_terraform.json
  Result recorded: D9 [terraform] — TP
[08:45:31] === D9 [terraform]: reset
[D7 RESET] Restored compliant policy on arn:aws:iam::575108919391:policy/driftfinder-iam-test
[D9 RESET] Restored compliant policy with explicit deny
[08:45:33] $ /Users/wikiwoo/DriftFinder/.venv/bin/python -c from driftfinder.cli.main import cli; cli() scan --config /Users/wikiwoo/DriftFinder/experiment-runs/20261008T073703Z/configs/.driftfinder-terraform.yml --output /Users/wikiwoo/DriftFinder/experiment-runs/20261008T073703Z/clean/after_D9_terraform --format json

  Resources scanned  : 11
  Resources with drift: 0
  Findings           : 0  (CRITICAL=0 HIGH=0 MEDIUM=0 LOW=0)
  Duration           : 13.602s

  No drift detected. All resources comply.

  JSON report: /Users/wikiwoo/DriftFinder/experiment-runs/20261008T073703Z/clean/after_D9_terraform.json
[08:45:49] Clean: terraform has no findings (after_D9_terraform)
[08:45:52] === D9 [cloudformation]: inject
  Ground truth logged: D9 [cloudformation] — has_explicit_deny
[D9] Removed explicit deny from arn:aws:iam::575108919391:policy/driftfinder-iam-test-cf
[08:45:55] Waiting 30s before scanning
[08:46:25] $ /Users/wikiwoo/DriftFinder/.venv/bin/python -c from driftfinder.cli.main import cli; cli() scan --config /Users/wikiwoo/DriftFinder/experiment-runs/20261008T073703Z/configs/.driftfinder-cloudformation.yml --output /Users/wikiwoo/DriftFinder/experiment-runs/20261008T073703Z/scans/D9_cloudformation --format json

  Resources scanned  : 9
  Resources with drift: 1
  Findings           : 2  (CRITICAL=0 HIGH=0 MEDIUM=1 LOW=1)
  Duration           : 24.811s

  SEV        RESOURCE               PROPERTY                             DECLARED           ACTUAL
  --------------------------------------------------------------------------------------------------------
  MEDIUM     arn:aws:iam::5751089   has_explicit_deny                    True               False
  LOW        arn:aws:iam::5751089   policy_document_hash                 2760a46414032692   010b641bd94d5bea1e9904f4

  JSON report: /Users/wikiwoo/DriftFinder/experiment-runs/20261008T073703Z/scans/D9_cloudformation.json
  Result recorded: D9 [cloudformation] — TP
[08:46:55] === D9 [cloudformation]: reset
[D7 RESET] Restored compliant policy on arn:aws:iam::575108919391:policy/driftfinder-iam-test-cf
[D9 RESET] Restored compliant policy with explicit deny
[08:46:57] $ /Users/wikiwoo/DriftFinder/.venv/bin/python -c from driftfinder.cli.main import cli; cli() scan --config /Users/wikiwoo/DriftFinder/experiment-runs/20261008T073703Z/configs/.driftfinder-cloudformation.yml --output /Users/wikiwoo/DriftFinder/experiment-runs/20261008T073703Z/clean/after_D9_cloudformation --format json

  Resources scanned  : 9
  Resources with drift: 0
  Findings           : 0  (CRITICAL=0 HIGH=0 MEDIUM=0 LOW=0)
  Duration           : 28.69s

  No drift detected. All resources comply.

  JSON report: /Users/wikiwoo/DriftFinder/experiment-runs/20261008T073703Z/clean/after_D9_cloudformation.json
[08:47:30] Clean: cloudformation has no findings (after_D9_cloudformation)
[08:47:31] === D9 [pulumi]: inject
  Ground truth logged: D9 [pulumi] — has_explicit_deny
[D9] Removed explicit deny from arn:aws:iam::575108919391:policy/driftfinder-iam-test-pulumi
[08:47:34] Waiting 30s before scanning
[08:48:04] $ /Users/wikiwoo/DriftFinder/.venv/bin/python -c from driftfinder.cli.main import cli; cli() scan --config /Users/wikiwoo/DriftFinder/experiment-runs/20261008T073703Z/configs/.driftfinder-pulumi.yml --output /Users/wikiwoo/DriftFinder/experiment-runs/20261008T073703Z/scans/D9_pulumi --format json

  Resources scanned  : 9
  Resources with drift: 1
  Findings           : 2  (CRITICAL=0 HIGH=0 MEDIUM=1 LOW=1)
  Duration           : 20.768s

  SEV        RESOURCE               PROPERTY                             DECLARED           ACTUAL
  --------------------------------------------------------------------------------------------------------
  MEDIUM     arn:aws:iam::5751089   has_explicit_deny                    True               False
  LOW        arn:aws:iam::5751089   policy_document_hash                 2760a46414032692   010b641bd94d5bea1e9904f4

  JSON report: /Users/wikiwoo/DriftFinder/experiment-runs/20261008T073703Z/scans/D9_pulumi.json
  Result recorded: D9 [pulumi] — TP
[08:48:28] === D9 [pulumi]: reset
[D7 RESET] Restored compliant policy on arn:aws:iam::575108919391:policy/driftfinder-iam-test-pulumi
[D9 RESET] Restored compliant policy with explicit deny
[08:48:30] $ /Users/wikiwoo/DriftFinder/.venv/bin/python -c from driftfinder.cli.main import cli; cli() scan --config /Users/wikiwoo/DriftFinder/experiment-runs/20261008T073703Z/configs/.driftfinder-pulumi.yml --output /Users/wikiwoo/DriftFinder/experiment-runs/20261008T073703Z/clean/after_D9_pulumi --format json

  Resources scanned  : 9
  Resources with drift: 0
  Findings           : 0  (CRITICAL=0 HIGH=0 MEDIUM=0 LOW=0)
  Duration           : 13.423s

  No drift detected. All resources comply.

  JSON report: /Users/wikiwoo/DriftFinder/experiment-runs/20261008T073703Z/clean/after_D9_pulumi.json
[08:48:46] Clean: pulumi has no findings (after_D9_pulumi)
[08:48:58] === D10 [terraform]: inject
  Ground truth logged: D10 [terraform] — storage_encrypted
[D10] RDS storage_encrypted is immutable. Logged as detection boundary scenario.
      Current encrypted state: True
      Note this in your ground truth log as an immutable property test.
[08:49:01] Waiting 30s before scanning
[08:49:31] $ /Users/wikiwoo/DriftFinder/.venv/bin/python -c from driftfinder.cli.main import cli; cli() scan --config /Users/wikiwoo/DriftFinder/experiment-runs/20261008T073703Z/configs/.driftfinder-terraform.yml --output /Users/wikiwoo/DriftFinder/experiment-runs/20261008T073703Z/scans/D10_terraform --format json

  Resources scanned  : 11
  Resources with drift: 0
  Findings           : 0  (CRITICAL=0 HIGH=0 MEDIUM=0 LOW=0)
  Duration           : 32.866s

  No drift detected. All resources comply.

  JSON report: /Users/wikiwoo/DriftFinder/experiment-runs/20261008T073703Z/scans/D10_terraform.json
  Result recorded: D10 [terraform] — FN
[08:50:07] === D10 [terraform]: reset
[D10 RESET] No reset needed - immutable property scenario
[08:50:07] $ /Users/wikiwoo/DriftFinder/.venv/bin/python -c from driftfinder.cli.main import cli; cli() scan --config /Users/wikiwoo/DriftFinder/experiment-runs/20261008T073703Z/configs/.driftfinder-terraform.yml --output /Users/wikiwoo/DriftFinder/experiment-runs/20261008T073703Z/clean/after_D10_terraform --format json

  Resources scanned  : 11
  Resources with drift: 0
  Findings           : 0  (CRITICAL=0 HIGH=0 MEDIUM=0 LOW=0)
  Duration           : 18.602s

  No drift detected. All resources comply.

  JSON report: /Users/wikiwoo/DriftFinder/experiment-runs/20261008T073703Z/clean/after_D10_terraform.json
[08:50:33] Clean: terraform has no findings (after_D10_terraform)
[08:50:34] === D10 [cloudformation]: inject
  Ground truth logged: D10 [cloudformation] — storage_encrypted
[D10] RDS storage_encrypted is immutable. Logged as detection boundary scenario.
      Current encrypted state: True
      Note this in your ground truth log as an immutable property test.
[08:50:37] Waiting 30s before scanning
[08:51:07] $ /Users/wikiwoo/DriftFinder/.venv/bin/python -c from driftfinder.cli.main import cli; cli() scan --config /Users/wikiwoo/DriftFinder/experiment-runs/20261008T073703Z/configs/.driftfinder-cloudformation.yml --output /Users/wikiwoo/DriftFinder/experiment-runs/20261008T073703Z/scans/D10_cloudformation --format json

  Resources scanned  : 9
  Resources with drift: 0
  Findings           : 0  (CRITICAL=0 HIGH=0 MEDIUM=0 LOW=0)
  Duration           : 25.886s

  No drift detected. All resources comply.

  JSON report: /Users/wikiwoo/DriftFinder/experiment-runs/20261008T073703Z/scans/D10_cloudformation.json
  Result recorded: D10 [cloudformation] — FN
[08:51:36] === D10 [cloudformation]: reset
[D10 RESET] No reset needed - immutable property scenario
[08:51:36] $ /Users/wikiwoo/DriftFinder/.venv/bin/python -c from driftfinder.cli.main import cli; cli() scan --config /Users/wikiwoo/DriftFinder/experiment-runs/20261008T073703Z/configs/.driftfinder-cloudformation.yml --output /Users/wikiwoo/DriftFinder/experiment-runs/20261008T073703Z/clean/after_D10_cloudformation --format json

  Resources scanned  : 9
  Resources with drift: 0
  Findings           : 0  (CRITICAL=0 HIGH=0 MEDIUM=0 LOW=0)
  Duration           : 23.73s

  No drift detected. All resources comply.

  JSON report: /Users/wikiwoo/DriftFinder/experiment-runs/20261008T073703Z/clean/after_D10_cloudformation.json
[08:52:04] Clean: cloudformation has no findings (after_D10_cloudformation)
[08:52:10] === D10 [pulumi]: inject
  Ground truth logged: D10 [pulumi] — storage_encrypted
[D10] RDS storage_encrypted is immutable. Logged as detection boundary scenario.
      Current encrypted state: True
      Note this in your ground truth log as an immutable property test.
[08:52:13] Waiting 30s before scanning
[08:52:43] $ /Users/wikiwoo/DriftFinder/.venv/bin/python -c from driftfinder.cli.main import cli; cli() scan --config /Users/wikiwoo/DriftFinder/experiment-runs/20261008T073703Z/configs/.driftfinder-pulumi.yml --output /Users/wikiwoo/DriftFinder/experiment-runs/20261008T073703Z/scans/D10_pulumi --format json

  Resources scanned  : 9
  Resources with drift: 0
  Findings           : 0  (CRITICAL=0 HIGH=0 MEDIUM=0 LOW=0)
  Duration           : 10.75s

  No drift detected. All resources comply.

  JSON report: /Users/wikiwoo/DriftFinder/experiment-runs/20261008T073703Z/scans/D10_pulumi.json
  Result recorded: D10 [pulumi] — FN
[08:52:57] === D10 [pulumi]: reset
[D10 RESET] No reset needed - immutable property scenario
[08:52:57] $ /Users/wikiwoo/DriftFinder/.venv/bin/python -c from driftfinder.cli.main import cli; cli() scan --config /Users/wikiwoo/DriftFinder/experiment-runs/20261008T073703Z/configs/.driftfinder-pulumi.yml --output /Users/wikiwoo/DriftFinder/experiment-runs/20261008T073703Z/clean/after_D10_pulumi --format json

  Resources scanned  : 9
  Resources with drift: 0
  Findings           : 0  (CRITICAL=0 HIGH=0 MEDIUM=0 LOW=0)
  Duration           : 13.845s

  No drift detected. All resources comply.

  JSON report: /Users/wikiwoo/DriftFinder/experiment-runs/20261008T073703Z/clean/after_D10_pulumi.json
[08:53:13] Clean: pulumi has no findings (after_D10_pulumi)
[08:53:16] === D11 [terraform]: inject
  Ground truth logged: D11 [terraform] — publicly_accessible
[D11] AWS rejected the change on driftfinder-rds-test: InvalidVPCNetworkStateFault
[08:53:17] Waiting 30s before scanning
[08:53:47] $ /Users/wikiwoo/DriftFinder/.venv/bin/python -c from driftfinder.cli.main import cli; cli() scan --config /Users/wikiwoo/DriftFinder/experiment-runs/20261008T073703Z/configs/.driftfinder-terraform.yml --output /Users/wikiwoo/DriftFinder/experiment-runs/20261008T073703Z/scans/D11_terraform --format json

  Resources scanned  : 11
  Resources with drift: 0
  Findings           : 0  (CRITICAL=0 HIGH=0 MEDIUM=0 LOW=0)
  Duration           : 16.173s

  No drift detected. All resources comply.

  JSON report: /Users/wikiwoo/DriftFinder/experiment-runs/20261008T073703Z/scans/D11_terraform.json
  Result recorded: D11 [terraform] — FN
[08:54:06] === D11 [terraform]: reset
  Waiting for RDS driftfinder-rds-test to be available with {'PubliclyAccessible': False}...
[D11 RESET] Disabled public accessibility on driftfinder-rds-test
[08:54:12] $ /Users/wikiwoo/DriftFinder/.venv/bin/python -c from driftfinder.cli.main import cli; cli() scan --config /Users/wikiwoo/DriftFinder/experiment-runs/20261008T073703Z/configs/.driftfinder-terraform.yml --output /Users/wikiwoo/DriftFinder/experiment-runs/20261008T073703Z/clean/after_D11_terraform --format json

  Resources scanned  : 11
  Resources with drift: 0
  Findings           : 0  (CRITICAL=0 HIGH=0 MEDIUM=0 LOW=0)
  Duration           : 14.657s

  No drift detected. All resources comply.

  JSON report: /Users/wikiwoo/DriftFinder/experiment-runs/20261008T073703Z/clean/after_D11_terraform.json
[08:54:29] Clean: terraform has no findings (after_D11_terraform)
[08:54:34] === D11 [cloudformation]: inject
  Ground truth logged: D11 [cloudformation] — publicly_accessible
[D11] AWS rejected the change on driftfinder-rds-test-cf: InvalidVPCNetworkStateFault
[08:54:38] Waiting 30s before scanning
[08:55:08] $ /Users/wikiwoo/DriftFinder/.venv/bin/python -c from driftfinder.cli.main import cli; cli() scan --config /Users/wikiwoo/DriftFinder/experiment-runs/20261008T073703Z/configs/.driftfinder-cloudformation.yml --output /Users/wikiwoo/DriftFinder/experiment-runs/20261008T073703Z/scans/D11_cloudformation --format json

  Resources scanned  : 9
  Resources with drift: 0
  Findings           : 0  (CRITICAL=0 HIGH=0 MEDIUM=0 LOW=0)
  Duration           : 31.889s

  No drift detected. All resources comply.

  JSON report: /Users/wikiwoo/DriftFinder/experiment-runs/20261008T073703Z/scans/D11_cloudformation.json
  Result recorded: D11 [cloudformation] — FN
[08:55:45] === D11 [cloudformation]: reset
  Waiting for RDS driftfinder-rds-test-cf to be available with {'PubliclyAccessible': False}...
[D11 RESET] Disabled public accessibility on driftfinder-rds-test-cf
[08:55:50] $ /Users/wikiwoo/DriftFinder/.venv/bin/python -c from driftfinder.cli.main import cli; cli() scan --config /Users/wikiwoo/DriftFinder/experiment-runs/20261008T073703Z/configs/.driftfinder-cloudformation.yml --output /Users/wikiwoo/DriftFinder/experiment-runs/20261008T073703Z/clean/after_D11_cloudformation --format json

  Resources scanned  : 9
  Resources with drift: 0
  Findings           : 0  (CRITICAL=0 HIGH=0 MEDIUM=0 LOW=0)
  Duration           : 24.258s

  No drift detected. All resources comply.

  JSON report: /Users/wikiwoo/DriftFinder/experiment-runs/20261008T073703Z/clean/after_D11_cloudformation.json
[08:56:20] Clean: cloudformation has no findings (after_D11_cloudformation)
[08:56:23] === D11 [pulumi]: inject
  Ground truth logged: D11 [pulumi] — publicly_accessible
[D11] AWS rejected the change on driftfinder-rds-test-pulumi: InvalidVPCNetworkStateFault
[08:56:25] Waiting 30s before scanning
[08:56:56] $ /Users/wikiwoo/DriftFinder/.venv/bin/python -c from driftfinder.cli.main import cli; cli() scan --config /Users/wikiwoo/DriftFinder/experiment-runs/20261008T073703Z/configs/.driftfinder-pulumi.yml --output /Users/wikiwoo/DriftFinder/experiment-runs/20261008T073703Z/scans/D11_pulumi --format json

  Resources scanned  : 9
  Resources with drift: 0
  Findings           : 0  (CRITICAL=0 HIGH=0 MEDIUM=0 LOW=0)
  Duration           : 19.507s

  No drift detected. All resources comply.

  JSON report: /Users/wikiwoo/DriftFinder/experiment-runs/20261008T073703Z/scans/D11_pulumi.json
  Result recorded: D11 [pulumi] — FN
[08:57:19] === D11 [pulumi]: reset
  Waiting for RDS driftfinder-rds-test-pulumi to be available with {'PubliclyAccessible': False}...
[D11 RESET] Disabled public accessibility on driftfinder-rds-test-pulumi
[08:57:25] $ /Users/wikiwoo/DriftFinder/.venv/bin/python -c from driftfinder.cli.main import cli; cli() scan --config /Users/wikiwoo/DriftFinder/experiment-runs/20261008T073703Z/configs/.driftfinder-pulumi.yml --output /Users/wikiwoo/DriftFinder/experiment-runs/20261008T073703Z/clean/after_D11_pulumi --format json

  Resources scanned  : 9
  Resources with drift: 0
  Findings           : 0  (CRITICAL=0 HIGH=0 MEDIUM=0 LOW=0)
  Duration           : 15.122s

  No drift detected. All resources comply.

  JSON report: /Users/wikiwoo/DriftFinder/experiment-runs/20261008T073703Z/clean/after_D11_pulumi.json
[08:57:43] Clean: pulumi has no findings (after_D11_pulumi)
[08:57:46] === D12 [terraform]: inject
  Waiting for RDS driftfinder-rds-test to be available with {'BackupRetentionPeriod': 0}...
  Status: available. Pending: {'BackupRetentionPeriod': 0}. Applied: False. Waiting...
  Status: modifying. Pending: {'BackupRetentionPeriod': 0}. Applied: False. Waiting...
  Status: modifying. Pending: {}. Applied: True. Waiting...
  Status: modifying. Pending: {}. Applied: True. Waiting...
  Ground truth logged: D12 [terraform] — backup_retention_days
[D12] Disabled automated backups on driftfinder-rds-test
[08:59:58] Waiting 30s before scanning
[09:00:28] $ /Users/wikiwoo/DriftFinder/.venv/bin/python -c from driftfinder.cli.main import cli; cli() scan --config /Users/wikiwoo/DriftFinder/experiment-runs/20261008T073703Z/configs/.driftfinder-terraform.yml --output /Users/wikiwoo/DriftFinder/experiment-runs/20261008T073703Z/scans/D12_terraform --format json

  Resources scanned  : 11
  Resources with drift: 1
  Findings           : 1  (CRITICAL=0 HIGH=0 MEDIUM=1 LOW=0)
  Duration           : 14.697s

  SEV        RESOURCE               PROPERTY                             DECLARED           ACTUAL
  --------------------------------------------------------------------------------------------------------
  MEDIUM     driftfinder-rds-test   backup_retention_days                7                  0

  JSON report: /Users/wikiwoo/DriftFinder/experiment-runs/20261008T073703Z/scans/D12_terraform.json
  Result recorded: D12 [terraform] — TP
[09:00:46] === D12 [terraform]: reset
  Waiting for RDS driftfinder-rds-test to be available with {'BackupRetentionPeriod': 7}...
  Status: modifying. Pending: {'BackupRetentionPeriod': 7}. Applied: False. Waiting...
  Status: modifying. Pending: {'BackupRetentionPeriod': 7}. Applied: False. Waiting...
  Status: modifying. Pending: {}. Applied: True. Waiting...
  Status: modifying. Pending: {}. Applied: True. Waiting...
  Status: modifying. Pending: {}. Applied: True. Waiting...
  Status: modifying. Pending: {}. Applied: True. Waiting...
[D12 RESET] Restored backup retention on driftfinder-rds-test
[09:04:01] $ /Users/wikiwoo/DriftFinder/.venv/bin/python -c from driftfinder.cli.main import cli; cli() scan --config /Users/wikiwoo/DriftFinder/experiment-runs/20261008T073703Z/configs/.driftfinder-terraform.yml --output /Users/wikiwoo/DriftFinder/experiment-runs/20261008T073703Z/clean/after_D12_terraform --format json

  Resources scanned  : 11
  Resources with drift: 0
  Findings           : 0  (CRITICAL=0 HIGH=0 MEDIUM=0 LOW=0)
  Duration           : 15.659s

  No drift detected. All resources comply.

  JSON report: /Users/wikiwoo/DriftFinder/experiment-runs/20261008T073703Z/clean/after_D12_terraform.json
[09:04:20] Clean: terraform has no findings (after_D12_terraform)
[09:04:22] === D12 [cloudformation]: inject
  Waiting for RDS driftfinder-rds-test-cf to be available with {'BackupRetentionPeriod': 0}...
  Status: modifying. Pending: {'BackupRetentionPeriod': 0}. Applied: False. Waiting...
  Status: modifying. Pending: {'BackupRetentionPeriod': 0}. Applied: False. Waiting...
  Status: modifying. Pending: {}. Applied: True. Waiting...
  Status: modifying. Pending: {}. Applied: True. Waiting...
  Ground truth logged: D12 [cloudformation] — backup_retention_days
[D12] Disabled automated backups on driftfinder-rds-test-cf
[09:06:31] Waiting 30s before scanning
[09:07:01] $ /Users/wikiwoo/DriftFinder/.venv/bin/python -c from driftfinder.cli.main import cli; cli() scan --config /Users/wikiwoo/DriftFinder/experiment-runs/20261008T073703Z/configs/.driftfinder-cloudformation.yml --output /Users/wikiwoo/DriftFinder/experiment-runs/20261008T073703Z/scans/D12_cloudformation --format json

  Resources scanned  : 9
  Resources with drift: 1
  Findings           : 1  (CRITICAL=0 HIGH=0 MEDIUM=1 LOW=0)
  Duration           : 26.381s

  SEV        RESOURCE               PROPERTY                             DECLARED           ACTUAL
  --------------------------------------------------------------------------------------------------------
  MEDIUM     driftfinder-rds-test   backup_retention_days                7                  0

  JSON report: /Users/wikiwoo/DriftFinder/experiment-runs/20261008T073703Z/scans/D12_cloudformation.json
  Result recorded: D12 [cloudformation] — TP
[09:07:32] === D12 [cloudformation]: reset
  Waiting for RDS driftfinder-rds-test-cf to be available with {'BackupRetentionPeriod': 7}...
  Status: modifying. Pending: {'BackupRetentionPeriod': 7}. Applied: False. Waiting...
  Status: modifying. Pending: {'BackupRetentionPeriod': 7}. Applied: False. Waiting...
  Status: modifying. Pending: {}. Applied: True. Waiting...
  Status: modifying. Pending: {}. Applied: True. Waiting...
  Status: modifying. Pending: {}. Applied: True. Waiting...
  Status: modifying. Pending: {}. Applied: True. Waiting...
[D12 RESET] Restored backup retention on driftfinder-rds-test-cf
[09:10:45] $ /Users/wikiwoo/DriftFinder/.venv/bin/python -c from driftfinder.cli.main import cli; cli() scan --config /Users/wikiwoo/DriftFinder/experiment-runs/20261008T073703Z/configs/.driftfinder-cloudformation.yml --output /Users/wikiwoo/DriftFinder/experiment-runs/20261008T073703Z/clean/after_D12_cloudformation --format json

  Resources scanned  : 9
  Resources with drift: 0
  Findings           : 0  (CRITICAL=0 HIGH=0 MEDIUM=0 LOW=0)
  Duration           : 23.158s

  No drift detected. All resources comply.

  JSON report: /Users/wikiwoo/DriftFinder/experiment-runs/20261008T073703Z/clean/after_D12_cloudformation.json
[09:11:13] Clean: cloudformation has no findings (after_D12_cloudformation)
[09:11:14] === D12 [pulumi]: inject
  Waiting for RDS driftfinder-rds-test-pulumi to be available with {'BackupRetentionPeriod': 0}...
  Status: modifying. Pending: {'BackupRetentionPeriod': 0}. Applied: False. Waiting...
  Status: modifying. Pending: {'BackupRetentionPeriod': 0}. Applied: False. Waiting...
  Status: modifying. Pending: {}. Applied: True. Waiting...
  Status: modifying. Pending: {}. Applied: True. Waiting...
  Ground truth logged: D12 [pulumi] — backup_retention_days
[D12] Disabled automated backups on driftfinder-rds-test-pulumi
[09:13:27] Waiting 30s before scanning
[09:13:57] $ /Users/wikiwoo/DriftFinder/.venv/bin/python -c from driftfinder.cli.main import cli; cli() scan --config /Users/wikiwoo/DriftFinder/experiment-runs/20261008T073703Z/configs/.driftfinder-pulumi.yml --output /Users/wikiwoo/DriftFinder/experiment-runs/20261008T073703Z/scans/D12_pulumi --format json

  Resources scanned  : 9
  Resources with drift: 1
  Findings           : 1  (CRITICAL=0 HIGH=0 MEDIUM=1 LOW=0)
  Duration           : 25.658s

  SEV        RESOURCE               PROPERTY                             DECLARED           ACTUAL
  --------------------------------------------------------------------------------------------------------
  MEDIUM     driftfinder-rds-test   backup_retention_days                7                  0

  JSON report: /Users/wikiwoo/DriftFinder/experiment-runs/20261008T073703Z/scans/D12_pulumi.json
  Result recorded: D12 [pulumi] — TP
[09:14:26] === D12 [pulumi]: reset
  Waiting for RDS driftfinder-rds-test-pulumi to be available with {'BackupRetentionPeriod': 7}...
  Status: modifying. Pending: {'BackupRetentionPeriod': 7}. Applied: False. Waiting...
  Status: modifying. Pending: {'BackupRetentionPeriod': 7}. Applied: False. Waiting...
  Status: modifying. Pending: {}. Applied: True. Waiting...
  Status: modifying. Pending: {}. Applied: True. Waiting...
  Status: modifying. Pending: {}. Applied: True. Waiting...
  Status: modifying. Pending: {}. Applied: True. Waiting...
[D12 RESET] Restored backup retention on driftfinder-rds-test-pulumi
[09:17:38] $ /Users/wikiwoo/DriftFinder/.venv/bin/python -c from driftfinder.cli.main import cli; cli() scan --config /Users/wikiwoo/DriftFinder/experiment-runs/20261008T073703Z/configs/.driftfinder-pulumi.yml --output /Users/wikiwoo/DriftFinder/experiment-runs/20261008T073703Z/clean/after_D12_pulumi --format json

  Resources scanned  : 9
  Resources with drift: 0
  Findings           : 0  (CRITICAL=0 HIGH=0 MEDIUM=0 LOW=0)
  Duration           : 15.668s

  No drift detected. All resources comply.

  JSON report: /Users/wikiwoo/DriftFinder/experiment-runs/20261008T073703Z/clean/after_D12_pulumi.json
[09:17:57] Clean: pulumi has no findings (after_D12_pulumi)
[09:17:59] === D13 [terraform]: inject
  Ground truth logged: D13 [terraform] — encrypted
[D13] EBS encrypted is immutable. Current value: True. Logged as detection boundary.
[09:18:02] Waiting 30s before scanning
[09:18:32] $ /Users/wikiwoo/DriftFinder/.venv/bin/python -c from driftfinder.cli.main import cli; cli() scan --config /Users/wikiwoo/DriftFinder/experiment-runs/20261008T073703Z/configs/.driftfinder-terraform.yml --output /Users/wikiwoo/DriftFinder/experiment-runs/20261008T073703Z/scans/D13_terraform --format json

  Resources scanned  : 11
  Resources with drift: 0
  Findings           : 0  (CRITICAL=0 HIGH=0 MEDIUM=0 LOW=0)
  Duration           : 15.882s

  No drift detected. All resources comply.

  JSON report: /Users/wikiwoo/DriftFinder/experiment-runs/20261008T073703Z/scans/D13_terraform.json
  Result recorded: D13 [terraform] — FN
[09:18:51] === D13 [terraform]: reset
[D13 RESET] No reset needed - immutable property scenario
[09:18:51] $ /Users/wikiwoo/DriftFinder/.venv/bin/python -c from driftfinder.cli.main import cli; cli() scan --config /Users/wikiwoo/DriftFinder/experiment-runs/20261008T073703Z/configs/.driftfinder-terraform.yml --output /Users/wikiwoo/DriftFinder/experiment-runs/20261008T073703Z/clean/after_D13_terraform --format json

  Resources scanned  : 11
  Resources with drift: 0
  Findings           : 0  (CRITICAL=0 HIGH=0 MEDIUM=0 LOW=0)
  Duration           : 13.865s

  No drift detected. All resources comply.

  JSON report: /Users/wikiwoo/DriftFinder/experiment-runs/20261008T073703Z/clean/after_D13_terraform.json
[09:19:08] Clean: terraform has no findings (after_D13_terraform)
[09:19:10] === D13 [cloudformation]: inject
  Ground truth logged: D13 [cloudformation] — encrypted
[D13] EBS encrypted is immutable. Current value: True. Logged as detection boundary.
[09:19:10] Waiting 30s before scanning
[09:19:40] $ /Users/wikiwoo/DriftFinder/.venv/bin/python -c from driftfinder.cli.main import cli; cli() scan --config /Users/wikiwoo/DriftFinder/experiment-runs/20261008T073703Z/configs/.driftfinder-cloudformation.yml --output /Users/wikiwoo/DriftFinder/experiment-runs/20261008T073703Z/scans/D13_cloudformation --format json

  Resources scanned  : 9
  Resources with drift: 0
  Findings           : 0  (CRITICAL=0 HIGH=0 MEDIUM=0 LOW=0)
  Duration           : 21.637s

  No drift detected. All resources comply.

  JSON report: /Users/wikiwoo/DriftFinder/experiment-runs/20261008T073703Z/scans/D13_cloudformation.json
  Result recorded: D13 [cloudformation] — FN
[09:20:11] === D13 [cloudformation]: reset
[D13 RESET] No reset needed - immutable property scenario
[09:20:11] $ /Users/wikiwoo/DriftFinder/.venv/bin/python -c from driftfinder.cli.main import cli; cli() scan --config /Users/wikiwoo/DriftFinder/experiment-runs/20261008T073703Z/configs/.driftfinder-cloudformation.yml --output /Users/wikiwoo/DriftFinder/experiment-runs/20261008T073703Z/clean/after_D13_cloudformation --format json

  Resources scanned  : 9
  Resources with drift: 0
  Findings           : 0  (CRITICAL=0 HIGH=0 MEDIUM=0 LOW=0)
  Duration           : 25.686s

  No drift detected. All resources comply.

  JSON report: /Users/wikiwoo/DriftFinder/experiment-runs/20261008T073703Z/clean/after_D13_cloudformation.json
[09:20:51] Clean: cloudformation has no findings (after_D13_cloudformation)
[09:20:52] === D13 [pulumi]: inject
  Ground truth logged: D13 [pulumi] — encrypted
[D13] EBS encrypted is immutable. Current value: True. Logged as detection boundary.
[09:20:54] Waiting 30s before scanning
[09:21:24] $ /Users/wikiwoo/DriftFinder/.venv/bin/python -c from driftfinder.cli.main import cli; cli() scan --config /Users/wikiwoo/DriftFinder/experiment-runs/20261008T073703Z/configs/.driftfinder-pulumi.yml --output /Users/wikiwoo/DriftFinder/experiment-runs/20261008T073703Z/scans/D13_pulumi --format json

  Resources scanned  : 9
  Resources with drift: 0
  Findings           : 0  (CRITICAL=0 HIGH=0 MEDIUM=0 LOW=0)
  Duration           : 13.582s

  No drift detected. All resources comply.

  JSON report: /Users/wikiwoo/DriftFinder/experiment-runs/20261008T073703Z/scans/D13_pulumi.json
  Result recorded: D13 [pulumi] — FN
[09:21:41] === D13 [pulumi]: reset
[D13 RESET] No reset needed - immutable property scenario
[09:21:41] $ /Users/wikiwoo/DriftFinder/.venv/bin/python -c from driftfinder.cli.main import cli; cli() scan --config /Users/wikiwoo/DriftFinder/experiment-runs/20261008T073703Z/configs/.driftfinder-pulumi.yml --output /Users/wikiwoo/DriftFinder/experiment-runs/20261008T073703Z/clean/after_D13_pulumi --format json

  Resources scanned  : 9
  Resources with drift: 0
  Findings           : 0  (CRITICAL=0 HIGH=0 MEDIUM=0 LOW=0)
  Duration           : 12.893s

  No drift detected. All resources comply.

  JSON report: /Users/wikiwoo/DriftFinder/experiment-runs/20261008T073703Z/clean/after_D13_pulumi.json
[09:21:57] Clean: pulumi has no findings (after_D13_pulumi)
[09:21:58] === D14 [terraform]: inject
  Created snapshot snap-057c440eb71e92c3c. Waiting for completion...
  Ground truth logged: D14 [terraform] — snapshot_created_unencrypted
[D14] Created snapshot snap-057c440eb71e92c3c from volume vol-0f212c4c17b28c1a0
[09:22:47] Waiting 30s before scanning
[09:23:17] $ /Users/wikiwoo/DriftFinder/.venv/bin/python -c from driftfinder.cli.main import cli; cli() scan --config /Users/wikiwoo/DriftFinder/experiment-runs/20261008T073703Z/configs/.driftfinder-terraform.yml --output /Users/wikiwoo/DriftFinder/experiment-runs/20261008T073703Z/scans/D14_terraform --format json

  Resources scanned  : 11
  Resources with drift: 0
  Findings           : 0  (CRITICAL=0 HIGH=0 MEDIUM=0 LOW=0)
  Duration           : 20.785s

  No drift detected. All resources comply.

  JSON report: /Users/wikiwoo/DriftFinder/experiment-runs/20261008T073703Z/scans/D14_terraform.json
  Result recorded: D14 [terraform] — FN
[09:23:41] === D14 [terraform]: reset
[D14 RESET] Deleted snapshot snap-057c440eb71e92c3c
[09:23:43] $ /Users/wikiwoo/DriftFinder/.venv/bin/python -c from driftfinder.cli.main import cli; cli() scan --config /Users/wikiwoo/DriftFinder/experiment-runs/20261008T073703Z/configs/.driftfinder-terraform.yml --output /Users/wikiwoo/DriftFinder/experiment-runs/20261008T073703Z/clean/after_D14_terraform --format json

  Resources scanned  : 11
  Resources with drift: 0
  Findings           : 0  (CRITICAL=0 HIGH=0 MEDIUM=0 LOW=0)
  Duration           : 11.976s

  No drift detected. All resources comply.

  JSON report: /Users/wikiwoo/DriftFinder/experiment-runs/20261008T073703Z/clean/after_D14_terraform.json
[09:23:57] Clean: terraform has no findings (after_D14_terraform)
[09:23:59] === D14 [cloudformation]: inject
  Created snapshot snap-08410d14759f361c0. Waiting for completion...
  Ground truth logged: D14 [cloudformation] — snapshot_created_unencrypted
[D14] Created snapshot snap-08410d14759f361c0 from volume vol-026171f9e3012f351
[09:24:48] Waiting 30s before scanning
[09:25:18] $ /Users/wikiwoo/DriftFinder/.venv/bin/python -c from driftfinder.cli.main import cli; cli() scan --config /Users/wikiwoo/DriftFinder/experiment-runs/20261008T073703Z/configs/.driftfinder-cloudformation.yml --output /Users/wikiwoo/DriftFinder/experiment-runs/20261008T073703Z/scans/D14_cloudformation --format json

  Resources scanned  : 9
  Resources with drift: 0
  Findings           : 0  (CRITICAL=0 HIGH=0 MEDIUM=0 LOW=0)
  Duration           : 20.09s

  No drift detected. All resources comply.

  JSON report: /Users/wikiwoo/DriftFinder/experiment-runs/20261008T073703Z/scans/D14_cloudformation.json
  Result recorded: D14 [cloudformation] — FN
[09:25:42] === D14 [cloudformation]: reset
[D14 RESET] Deleted snapshot snap-08410d14759f361c0
[09:25:47] $ /Users/wikiwoo/DriftFinder/.venv/bin/python -c from driftfinder.cli.main import cli; cli() scan --config /Users/wikiwoo/DriftFinder/experiment-runs/20261008T073703Z/configs/.driftfinder-cloudformation.yml --output /Users/wikiwoo/DriftFinder/experiment-runs/20261008T073703Z/clean/after_D14_cloudformation --format json

  Resources scanned  : 9
  Resources with drift: 0
  Findings           : 0  (CRITICAL=0 HIGH=0 MEDIUM=0 LOW=0)
  Duration           : 20.797s

  No drift detected. All resources comply.

  JSON report: /Users/wikiwoo/DriftFinder/experiment-runs/20261008T073703Z/clean/after_D14_cloudformation.json
[09:26:11] Clean: cloudformation has no findings (after_D14_cloudformation)
[09:26:13] === D14 [pulumi]: inject
  Created snapshot snap-092c4daa60a6da2f2. Waiting for completion...
  Ground truth logged: D14 [pulumi] — snapshot_created_unencrypted
[D14] Created snapshot snap-092c4daa60a6da2f2 from volume vol-0b58c56927f3042b8
[09:27:02] Waiting 30s before scanning
[09:27:32] $ /Users/wikiwoo/DriftFinder/.venv/bin/python -c from driftfinder.cli.main import cli; cli() scan --config /Users/wikiwoo/DriftFinder/experiment-runs/20261008T073703Z/configs/.driftfinder-pulumi.yml --output /Users/wikiwoo/DriftFinder/experiment-runs/20261008T073703Z/scans/D14_pulumi --format json

  Resources scanned  : 9
  Resources with drift: 0
  Findings           : 0  (CRITICAL=0 HIGH=0 MEDIUM=0 LOW=0)
  Duration           : 14.702s

  No drift detected. All resources comply.

  JSON report: /Users/wikiwoo/DriftFinder/experiment-runs/20261008T073703Z/scans/D14_pulumi.json
  Result recorded: D14 [pulumi] — FN
[09:27:49] === D14 [pulumi]: reset
[D14 RESET] Deleted snapshot snap-092c4daa60a6da2f2
[09:27:51] $ /Users/wikiwoo/DriftFinder/.venv/bin/python -c from driftfinder.cli.main import cli; cli() scan --config /Users/wikiwoo/DriftFinder/experiment-runs/20261008T073703Z/configs/.driftfinder-pulumi.yml --output /Users/wikiwoo/DriftFinder/experiment-runs/20261008T073703Z/clean/after_D14_pulumi --format json

  Resources scanned  : 9
  Resources with drift: 0
  Findings           : 0  (CRITICAL=0 HIGH=0 MEDIUM=0 LOW=0)
  Duration           : 16.039s

  No drift detected. All resources comply.

  JSON report: /Users/wikiwoo/DriftFinder/experiment-runs/20261008T073703Z/clean/after_D14_pulumi.json
[09:28:10] Clean: pulumi has no findings (after_D14_pulumi)
[09:28:12] === D15 [terraform]: inject
  Ground truth logged: D15 [terraform] — delete_on_termination
[D15] EBS delete_on_termination: attachment-dependent property test logged.
      Volume attachments: 0
[09:28:13] Waiting 30s before scanning
[09:28:43] $ /Users/wikiwoo/DriftFinder/.venv/bin/python -c from driftfinder.cli.main import cli; cli() scan --config /Users/wikiwoo/DriftFinder/experiment-runs/20261008T073703Z/configs/.driftfinder-terraform.yml --output /Users/wikiwoo/DriftFinder/experiment-runs/20261008T073703Z/scans/D15_terraform --format json

  Resources scanned  : 11
  Resources with drift: 0
  Findings           : 0  (CRITICAL=0 HIGH=0 MEDIUM=0 LOW=0)
  Duration           : 13.493s

  No drift detected. All resources comply.

  JSON report: /Users/wikiwoo/DriftFinder/experiment-runs/20261008T073703Z/scans/D15_terraform.json
  Result recorded: D15 [terraform] — FN
[09:28:59] === D15 [terraform]: reset
[D15 RESET] No change made - observation only scenario
[09:28:59] $ /Users/wikiwoo/DriftFinder/.venv/bin/python -c from driftfinder.cli.main import cli; cli() scan --config /Users/wikiwoo/DriftFinder/experiment-runs/20261008T073703Z/configs/.driftfinder-terraform.yml --output /Users/wikiwoo/DriftFinder/experiment-runs/20261008T073703Z/clean/after_D15_terraform --format json

  Resources scanned  : 11
  Resources with drift: 0
  Findings           : 0  (CRITICAL=0 HIGH=0 MEDIUM=0 LOW=0)
  Duration           : 13.407s

  No drift detected. All resources comply.

  JSON report: /Users/wikiwoo/DriftFinder/experiment-runs/20261008T073703Z/clean/after_D15_terraform.json
[09:29:15] Clean: terraform has no findings (after_D15_terraform)
[09:29:17] === D15 [cloudformation]: inject
  Ground truth logged: D15 [cloudformation] — delete_on_termination
[D15] EBS delete_on_termination: attachment-dependent property test logged.
      Volume attachments: 0
[09:29:19] Waiting 30s before scanning
[09:29:49] $ /Users/wikiwoo/DriftFinder/.venv/bin/python -c from driftfinder.cli.main import cli; cli() scan --config /Users/wikiwoo/DriftFinder/experiment-runs/20261008T073703Z/configs/.driftfinder-cloudformation.yml --output /Users/wikiwoo/DriftFinder/experiment-runs/20261008T073703Z/scans/D15_cloudformation --format json

  Resources scanned  : 9
  Resources with drift: 0
  Findings           : 0  (CRITICAL=0 HIGH=0 MEDIUM=0 LOW=0)
  Duration           : 25.042s

  No drift detected. All resources comply.

  JSON report: /Users/wikiwoo/DriftFinder/experiment-runs/20261008T073703Z/scans/D15_cloudformation.json
  Result recorded: D15 [cloudformation] — FN
[09:30:20] === D15 [cloudformation]: reset
[D15 RESET] No change made - observation only scenario
[09:30:20] $ /Users/wikiwoo/DriftFinder/.venv/bin/python -c from driftfinder.cli.main import cli; cli() scan --config /Users/wikiwoo/DriftFinder/experiment-runs/20261008T073703Z/configs/.driftfinder-cloudformation.yml --output /Users/wikiwoo/DriftFinder/experiment-runs/20261008T073703Z/clean/after_D15_cloudformation --format json

  Resources scanned  : 9
  Resources with drift: 0
  Findings           : 0  (CRITICAL=0 HIGH=0 MEDIUM=0 LOW=0)
  Duration           : 27.917s

  No drift detected. All resources comply.

  JSON report: /Users/wikiwoo/DriftFinder/experiment-runs/20261008T073703Z/clean/after_D15_cloudformation.json
[09:30:52] Clean: cloudformation has no findings (after_D15_cloudformation)
[09:30:54] === D15 [pulumi]: inject
  Ground truth logged: D15 [pulumi] — delete_on_termination
[D15] EBS delete_on_termination: attachment-dependent property test logged.
      Volume attachments: 0
[09:30:56] Waiting 30s before scanning
[09:31:26] $ /Users/wikiwoo/DriftFinder/.venv/bin/python -c from driftfinder.cli.main import cli; cli() scan --config /Users/wikiwoo/DriftFinder/experiment-runs/20261008T073703Z/configs/.driftfinder-pulumi.yml --output /Users/wikiwoo/DriftFinder/experiment-runs/20261008T073703Z/scans/D15_pulumi --format json

  Resources scanned  : 9
  Resources with drift: 0
  Findings           : 0  (CRITICAL=0 HIGH=0 MEDIUM=0 LOW=0)
  Duration           : 15.766s

  No drift detected. All resources comply.

  JSON report: /Users/wikiwoo/DriftFinder/experiment-runs/20261008T073703Z/scans/D15_pulumi.json
  Result recorded: D15 [pulumi] — FN
[09:31:44] === D15 [pulumi]: reset
[D15 RESET] No change made - observation only scenario
[09:31:44] $ /Users/wikiwoo/DriftFinder/.venv/bin/python -c from driftfinder.cli.main import cli; cli() scan --config /Users/wikiwoo/DriftFinder/experiment-runs/20261008T073703Z/configs/.driftfinder-pulumi.yml --output /Users/wikiwoo/DriftFinder/experiment-runs/20261008T073703Z/clean/after_D15_pulumi --format json

  Resources scanned  : 9
  Resources with drift: 0
  Findings           : 0  (CRITICAL=0 HIGH=0 MEDIUM=0 LOW=0)
  Duration           : 13.173s

  No drift detected. All resources comply.

  JSON report: /Users/wikiwoo/DriftFinder/experiment-runs/20261008T073703Z/clean/after_D15_pulumi.json
[09:31:59] Clean: pulumi has no findings (after_D15_pulumi)
[09:32:01] === D16 [terraform]: inject
  Ground truth logged: D16 [terraform] — multi_region_enabled
[D16] Disabled multi-region on CloudTrail driftfinder-trail-test
[09:32:03] Waiting 30s before scanning
[09:32:33] $ /Users/wikiwoo/DriftFinder/.venv/bin/python -c from driftfinder.cli.main import cli; cli() scan --config /Users/wikiwoo/DriftFinder/experiment-runs/20261008T073703Z/configs/.driftfinder-terraform.yml --output /Users/wikiwoo/DriftFinder/experiment-runs/20261008T073703Z/scans/D16_terraform --format json

  Resources scanned  : 11
  Resources with drift: 1
  Findings           : 1  (CRITICAL=0 HIGH=1 MEDIUM=0 LOW=0)
  Duration           : 15.708s

  SEV        RESOURCE               PROPERTY                             DECLARED           ACTUAL
  --------------------------------------------------------------------------------------------------------
  HIGH       arn:aws:cloudtrail:e   multi_region_enabled                 True               False

  JSON report: /Users/wikiwoo/DriftFinder/experiment-runs/20261008T073703Z/scans/D16_terraform.json
  Result recorded: D16 [terraform] — TP
[09:32:53] === D16 [terraform]: reset
[D16 RESET] Re-enabled multi-region on CloudTrail driftfinder-trail-test
[09:32:54] $ /Users/wikiwoo/DriftFinder/.venv/bin/python -c from driftfinder.cli.main import cli; cli() scan --config /Users/wikiwoo/DriftFinder/experiment-runs/20261008T073703Z/configs/.driftfinder-terraform.yml --output /Users/wikiwoo/DriftFinder/experiment-runs/20261008T073703Z/clean/after_D16_terraform --format json

  Resources scanned  : 11
  Resources with drift: 0
  Findings           : 0  (CRITICAL=0 HIGH=0 MEDIUM=0 LOW=0)
  Duration           : 11.166s

  No drift detected. All resources comply.

  JSON report: /Users/wikiwoo/DriftFinder/experiment-runs/20261008T073703Z/clean/after_D16_terraform.json
[09:33:07] Clean: terraform has no findings (after_D16_terraform)
[09:33:09] === D16 [cloudformation]: inject
  Ground truth logged: D16 [cloudformation] — multi_region_enabled
[D16] Disabled multi-region on CloudTrail driftfinder-trail-test-cf
[09:33:11] Waiting 30s before scanning
[09:33:41] $ /Users/wikiwoo/DriftFinder/.venv/bin/python -c from driftfinder.cli.main import cli; cli() scan --config /Users/wikiwoo/DriftFinder/experiment-runs/20261008T073703Z/configs/.driftfinder-cloudformation.yml --output /Users/wikiwoo/DriftFinder/experiment-runs/20261008T073703Z/scans/D16_cloudformation --format json

  Resources scanned  : 9
  Resources with drift: 1
  Findings           : 1  (CRITICAL=0 HIGH=1 MEDIUM=0 LOW=0)
  Duration           : 27.864s

  SEV        RESOURCE               PROPERTY                             DECLARED           ACTUAL
  --------------------------------------------------------------------------------------------------------
  HIGH       driftfinder-trail-te   multi_region_enabled                 True               False

  JSON report: /Users/wikiwoo/DriftFinder/experiment-runs/20261008T073703Z/scans/D16_cloudformation.json
  Result recorded: D16 [cloudformation] — TP
[09:34:12] === D16 [cloudformation]: reset
[D16 RESET] Re-enabled multi-region on CloudTrail driftfinder-trail-test-cf
[09:34:14] $ /Users/wikiwoo/DriftFinder/.venv/bin/python -c from driftfinder.cli.main import cli; cli() scan --config /Users/wikiwoo/DriftFinder/experiment-runs/20261008T073703Z/configs/.driftfinder-cloudformation.yml --output /Users/wikiwoo/DriftFinder/experiment-runs/20261008T073703Z/clean/after_D16_cloudformation --format json

  Resources scanned  : 9
  Resources with drift: 0
  Findings           : 0  (CRITICAL=0 HIGH=0 MEDIUM=0 LOW=0)
  Duration           : 23.737s

  No drift detected. All resources comply.

  JSON report: /Users/wikiwoo/DriftFinder/experiment-runs/20261008T073703Z/clean/after_D16_cloudformation.json
[09:34:42] Clean: cloudformation has no findings (after_D16_cloudformation)
[09:34:44] === D16 [pulumi]: inject
  Ground truth logged: D16 [pulumi] — multi_region_enabled
[D16] Disabled multi-region on CloudTrail driftfinder-trail-test-pulumi
[09:34:46] Waiting 30s before scanning
[09:35:16] $ /Users/wikiwoo/DriftFinder/.venv/bin/python -c from driftfinder.cli.main import cli; cli() scan --config /Users/wikiwoo/DriftFinder/experiment-runs/20261008T073703Z/configs/.driftfinder-pulumi.yml --output /Users/wikiwoo/DriftFinder/experiment-runs/20261008T073703Z/scans/D16_pulumi --format json

  Resources scanned  : 9
  Resources with drift: 1
  Findings           : 1  (CRITICAL=0 HIGH=1 MEDIUM=0 LOW=0)
  Duration           : 15.097s

  SEV        RESOURCE               PROPERTY                             DECLARED           ACTUAL
  --------------------------------------------------------------------------------------------------------
  HIGH       arn:aws:cloudtrail:e   multi_region_enabled                 True               False

  JSON report: /Users/wikiwoo/DriftFinder/experiment-runs/20261008T073703Z/scans/D16_pulumi.json
  Result recorded: D16 [pulumi] — TP
[09:35:33] === D16 [pulumi]: reset
[D16 RESET] Re-enabled multi-region on CloudTrail driftfinder-trail-test-pulumi
[09:35:35] $ /Users/wikiwoo/DriftFinder/.venv/bin/python -c from driftfinder.cli.main import cli; cli() scan --config /Users/wikiwoo/DriftFinder/experiment-runs/20261008T073703Z/configs/.driftfinder-pulumi.yml --output /Users/wikiwoo/DriftFinder/experiment-runs/20261008T073703Z/clean/after_D16_pulumi --format json

  Resources scanned  : 9
  Resources with drift: 0
  Findings           : 0  (CRITICAL=0 HIGH=0 MEDIUM=0 LOW=0)
  Duration           : 10.715s

  No drift detected. All resources comply.

  JSON report: /Users/wikiwoo/DriftFinder/experiment-runs/20261008T073703Z/clean/after_D16_pulumi.json
[09:35:49] Clean: pulumi has no findings (after_D16_pulumi)
[09:35:51] === D17 [terraform]: inject
  Ground truth logged: D17 [terraform] — log_file_validation_enabled
[D17] Disabled log file validation on CloudTrail driftfinder-trail-test
[09:35:52] Waiting 30s before scanning
[09:36:22] $ /Users/wikiwoo/DriftFinder/.venv/bin/python -c from driftfinder.cli.main import cli; cli() scan --config /Users/wikiwoo/DriftFinder/experiment-runs/20261008T073703Z/configs/.driftfinder-terraform.yml --output /Users/wikiwoo/DriftFinder/experiment-runs/20261008T073703Z/scans/D17_terraform --format json

  Resources scanned  : 11
  Resources with drift: 1
  Findings           : 1  (CRITICAL=0 HIGH=1 MEDIUM=0 LOW=0)
  Duration           : 16.522s

  SEV        RESOURCE               PROPERTY                             DECLARED           ACTUAL
  --------------------------------------------------------------------------------------------------------
  HIGH       arn:aws:cloudtrail:e   log_file_validation_enabled          True               False

  JSON report: /Users/wikiwoo/DriftFinder/experiment-runs/20261008T073703Z/scans/D17_terraform.json
  Result recorded: D17 [terraform] — TP
[09:36:43] === D17 [terraform]: reset
[D17 RESET] Re-enabled log file validation on CloudTrail driftfinder-trail-test
[09:36:44] $ /Users/wikiwoo/DriftFinder/.venv/bin/python -c from driftfinder.cli.main import cli; cli() scan --config /Users/wikiwoo/DriftFinder/experiment-runs/20261008T073703Z/configs/.driftfinder-terraform.yml --output /Users/wikiwoo/DriftFinder/experiment-runs/20261008T073703Z/clean/after_D17_terraform --format json

  Resources scanned  : 11
  Resources with drift: 0
  Findings           : 0  (CRITICAL=0 HIGH=0 MEDIUM=0 LOW=0)
  Duration           : 13.502s

  No drift detected. All resources comply.

  JSON report: /Users/wikiwoo/DriftFinder/experiment-runs/20261008T073703Z/clean/after_D17_terraform.json
[09:37:01] Clean: terraform has no findings (after_D17_terraform)
[09:37:04] === D17 [cloudformation]: inject
  Ground truth logged: D17 [cloudformation] — log_file_validation_enabled
[D17] Disabled log file validation on CloudTrail driftfinder-trail-test-cf
[09:37:06] Waiting 30s before scanning
[09:37:36] $ /Users/wikiwoo/DriftFinder/.venv/bin/python -c from driftfinder.cli.main import cli; cli() scan --config /Users/wikiwoo/DriftFinder/experiment-runs/20261008T073703Z/configs/.driftfinder-cloudformation.yml --output /Users/wikiwoo/DriftFinder/experiment-runs/20261008T073703Z/scans/D17_cloudformation --format json

  Resources scanned  : 9
  Resources with drift: 1
  Findings           : 1  (CRITICAL=0 HIGH=1 MEDIUM=0 LOW=0)
  Duration           : 49.205s

  SEV        RESOURCE               PROPERTY                             DECLARED           ACTUAL
  --------------------------------------------------------------------------------------------------------
  HIGH       driftfinder-trail-te   log_file_validation_enabled          True               False

  JSON report: /Users/wikiwoo/DriftFinder/experiment-runs/20261008T073703Z/scans/D17_cloudformation.json
  Result recorded: D17 [cloudformation] — TP
[09:38:31] === D17 [cloudformation]: reset
[D17 RESET] Re-enabled log file validation on CloudTrail driftfinder-trail-test-cf
[09:38:33] $ /Users/wikiwoo/DriftFinder/.venv/bin/python -c from driftfinder.cli.main import cli; cli() scan --config /Users/wikiwoo/DriftFinder/experiment-runs/20261008T073703Z/configs/.driftfinder-cloudformation.yml --output /Users/wikiwoo/DriftFinder/experiment-runs/20261008T073703Z/clean/after_D17_cloudformation --format json

  Resources scanned  : 9
  Resources with drift: 0
  Findings           : 0  (CRITICAL=0 HIGH=0 MEDIUM=0 LOW=0)
  Duration           : 51.411s

  No drift detected. All resources comply.

  JSON report: /Users/wikiwoo/DriftFinder/experiment-runs/20261008T073703Z/clean/after_D17_cloudformation.json
[09:39:33] Clean: cloudformation has no findings (after_D17_cloudformation)
[09:39:34] === D17 [pulumi]: inject
  Ground truth logged: D17 [pulumi] — log_file_validation_enabled
[D17] Disabled log file validation on CloudTrail driftfinder-trail-test-pulumi
[09:39:36] Waiting 30s before scanning
[09:40:06] $ /Users/wikiwoo/DriftFinder/.venv/bin/python -c from driftfinder.cli.main import cli; cli() scan --config /Users/wikiwoo/DriftFinder/experiment-runs/20261008T073703Z/configs/.driftfinder-pulumi.yml --output /Users/wikiwoo/DriftFinder/experiment-runs/20261008T073703Z/scans/D17_pulumi --format json

  Resources scanned  : 9
  Resources with drift: 1
  Findings           : 1  (CRITICAL=0 HIGH=1 MEDIUM=0 LOW=0)
  Duration           : 23.928s

  SEV        RESOURCE               PROPERTY                             DECLARED           ACTUAL
  --------------------------------------------------------------------------------------------------------
  HIGH       arn:aws:cloudtrail:e   log_file_validation_enabled          True               False

  JSON report: /Users/wikiwoo/DriftFinder/experiment-runs/20261008T073703Z/scans/D17_pulumi.json
  Result recorded: D17 [pulumi] — TP
[09:40:33] === D17 [pulumi]: reset
[D17 RESET] Re-enabled log file validation on CloudTrail driftfinder-trail-test-pulumi
[09:40:36] $ /Users/wikiwoo/DriftFinder/.venv/bin/python -c from driftfinder.cli.main import cli; cli() scan --config /Users/wikiwoo/DriftFinder/experiment-runs/20261008T073703Z/configs/.driftfinder-pulumi.yml --output /Users/wikiwoo/DriftFinder/experiment-runs/20261008T073703Z/clean/after_D17_pulumi --format json

  Resources scanned  : 9
  Resources with drift: 0
  Findings           : 0  (CRITICAL=0 HIGH=0 MEDIUM=0 LOW=0)
  Duration           : 15.369s

  No drift detected. All resources comply.

  JSON report: /Users/wikiwoo/DriftFinder/experiment-runs/20261008T073703Z/clean/after_D17_pulumi.json
[09:40:53] Clean: pulumi has no findings (after_D17_pulumi)
[09:40:55] === D18 [terraform]: inject
  Ground truth logged: D18 [terraform] — cloudwatch_logs_enabled
[D18] Removed CloudWatch Logs integration from CloudTrail driftfinder-trail-test
[09:40:56] Waiting 30s before scanning
[09:41:26] $ /Users/wikiwoo/DriftFinder/.venv/bin/python -c from driftfinder.cli.main import cli; cli() scan --config /Users/wikiwoo/DriftFinder/experiment-runs/20261008T073703Z/configs/.driftfinder-terraform.yml --output /Users/wikiwoo/DriftFinder/experiment-runs/20261008T073703Z/scans/D18_terraform --format json

  Resources scanned  : 11
  Resources with drift: 1
  Findings           : 1  (CRITICAL=0 HIGH=0 MEDIUM=1 LOW=0)
  Duration           : 19.453s

  SEV        RESOURCE               PROPERTY                             DECLARED           ACTUAL
  --------------------------------------------------------------------------------------------------------
  MEDIUM     arn:aws:cloudtrail:e   cloudwatch_logs_enabled              True               False

  JSON report: /Users/wikiwoo/DriftFinder/experiment-runs/20261008T073703Z/scans/D18_terraform.json
  Result recorded: D18 [terraform] — TP
[09:41:48] === D18 [terraform]: reset
[D18 RESET] Restored CloudWatch Logs integration on CloudTrail driftfinder-trail-test
[09:41:50] $ /Users/wikiwoo/DriftFinder/.venv/bin/python -c from driftfinder.cli.main import cli; cli() scan --config /Users/wikiwoo/DriftFinder/experiment-runs/20261008T073703Z/configs/.driftfinder-terraform.yml --output /Users/wikiwoo/DriftFinder/experiment-runs/20261008T073703Z/clean/after_D18_terraform --format json

  Resources scanned  : 11
  Resources with drift: 0
  Findings           : 0  (CRITICAL=0 HIGH=0 MEDIUM=0 LOW=0)
  Duration           : 14.918s

  No drift detected. All resources comply.

  JSON report: /Users/wikiwoo/DriftFinder/experiment-runs/20261008T073703Z/clean/after_D18_terraform.json
[09:42:08] Clean: terraform has no findings (after_D18_terraform)
[09:42:10] === D18 [cloudformation]: inject
  Ground truth logged: D18 [cloudformation] — cloudwatch_logs_enabled
[D18] Removed CloudWatch Logs integration from CloudTrail driftfinder-trail-test-cf
[09:42:12] Waiting 30s before scanning
[09:42:42] $ /Users/wikiwoo/DriftFinder/.venv/bin/python -c from driftfinder.cli.main import cli; cli() scan --config /Users/wikiwoo/DriftFinder/experiment-runs/20261008T073703Z/configs/.driftfinder-cloudformation.yml --output /Users/wikiwoo/DriftFinder/experiment-runs/20261008T073703Z/scans/D18_cloudformation --format json

  Resources scanned  : 9
  Resources with drift: 1
  Findings           : 1  (CRITICAL=0 HIGH=0 MEDIUM=1 LOW=0)
  Duration           : 19.863s

  SEV        RESOURCE               PROPERTY                             DECLARED           ACTUAL
  --------------------------------------------------------------------------------------------------------
  MEDIUM     driftfinder-trail-te   cloudwatch_logs_enabled              True               False

  JSON report: /Users/wikiwoo/DriftFinder/experiment-runs/20261008T073703Z/scans/D18_cloudformation.json
  Result recorded: D18 [cloudformation] — TP
[09:43:05] === D18 [cloudformation]: reset
[D18 RESET] Restored CloudWatch Logs integration on CloudTrail driftfinder-trail-test-cf
[09:43:06] $ /Users/wikiwoo/DriftFinder/.venv/bin/python -c from driftfinder.cli.main import cli; cli() scan --config /Users/wikiwoo/DriftFinder/experiment-runs/20261008T073703Z/configs/.driftfinder-cloudformation.yml --output /Users/wikiwoo/DriftFinder/experiment-runs/20261008T073703Z/clean/after_D18_cloudformation --format json

  Resources scanned  : 9
  Resources with drift: 0
  Findings           : 0  (CRITICAL=0 HIGH=0 MEDIUM=0 LOW=0)
  Duration           : 21.216s

  No drift detected. All resources comply.

  JSON report: /Users/wikiwoo/DriftFinder/experiment-runs/20261008T073703Z/clean/after_D18_cloudformation.json
[09:43:32] Clean: cloudformation has no findings (after_D18_cloudformation)
[09:43:34] === D18 [pulumi]: inject
  Ground truth logged: D18 [pulumi] — cloudwatch_logs_enabled
[D18] Removed CloudWatch Logs integration from CloudTrail driftfinder-trail-test-pulumi
[09:43:36] Waiting 30s before scanning
[09:44:06] $ /Users/wikiwoo/DriftFinder/.venv/bin/python -c from driftfinder.cli.main import cli; cli() scan --config /Users/wikiwoo/DriftFinder/experiment-runs/20261008T073703Z/configs/.driftfinder-pulumi.yml --output /Users/wikiwoo/DriftFinder/experiment-runs/20261008T073703Z/scans/D18_pulumi --format json

  Resources scanned  : 9
  Resources with drift: 1
  Findings           : 1  (CRITICAL=0 HIGH=0 MEDIUM=1 LOW=0)
  Duration           : 13.351s

  SEV        RESOURCE               PROPERTY                             DECLARED           ACTUAL
  --------------------------------------------------------------------------------------------------------
  MEDIUM     arn:aws:cloudtrail:e   cloudwatch_logs_enabled              True               False

  JSON report: /Users/wikiwoo/DriftFinder/experiment-runs/20261008T073703Z/scans/D18_pulumi.json
  Result recorded: D18 [pulumi] — TP
[09:44:21] === D18 [pulumi]: reset
[D18 RESET] Restored CloudWatch Logs integration on CloudTrail driftfinder-trail-test-pulumi
[09:44:23] $ /Users/wikiwoo/DriftFinder/.venv/bin/python -c from driftfinder.cli.main import cli; cli() scan --config /Users/wikiwoo/DriftFinder/experiment-runs/20261008T073703Z/configs/.driftfinder-pulumi.yml --output /Users/wikiwoo/DriftFinder/experiment-runs/20261008T073703Z/clean/after_D18_pulumi --format json

  Resources scanned  : 9
  Resources with drift: 0
  Findings           : 0  (CRITICAL=0 HIGH=0 MEDIUM=0 LOW=0)
  Duration           : 14.022s

  No drift detected. All resources comply.

  JSON report: /Users/wikiwoo/DriftFinder/experiment-runs/20261008T073703Z/clean/after_D18_pulumi.json
[09:44:40] Clean: pulumi has no findings (after_D18_pulumi)
[09:44:41] === D19 [terraform]: inject
  Ground truth logged: D19 [terraform] — flow_logs_enabled
[D19] Deleted flow log fl-0a405c223b529140b from VPC vpc-0f5849a615bf0681a
[09:44:43] Waiting 30s before scanning
[09:45:13] $ /Users/wikiwoo/DriftFinder/.venv/bin/python -c from driftfinder.cli.main import cli; cli() scan --config /Users/wikiwoo/DriftFinder/experiment-runs/20261008T073703Z/configs/.driftfinder-terraform.yml --output /Users/wikiwoo/DriftFinder/experiment-runs/20261008T073703Z/scans/D19_terraform --format json

  Resources scanned  : 11
  Resources with drift: 1
  Findings           : 1  (CRITICAL=0 HIGH=1 MEDIUM=0 LOW=0)
  Duration           : 19.747s

  SEV        RESOURCE               PROPERTY                             DECLARED           ACTUAL
  --------------------------------------------------------------------------------------------------------
  HIGH       vpc-0f5849a615bf0681   flow_logs_enabled                    True               False

  JSON report: /Users/wikiwoo/DriftFinder/experiment-runs/20261008T073703Z/scans/D19_terraform.json
  Result recorded: D19 [terraform] — TP
[09:45:36] === D19 [terraform]: reset
[D19 RESET] Recreated flow log for VPC vpc-0f5849a615bf0681a
[09:45:38] $ /Users/wikiwoo/DriftFinder/.venv/bin/python -c from driftfinder.cli.main import cli; cli() scan --config /Users/wikiwoo/DriftFinder/experiment-runs/20261008T073703Z/configs/.driftfinder-terraform.yml --output /Users/wikiwoo/DriftFinder/experiment-runs/20261008T073703Z/clean/after_D19_terraform --format json

  Resources scanned  : 11
  Resources with drift: 0
  Findings           : 0  (CRITICAL=0 HIGH=0 MEDIUM=0 LOW=0)
  Duration           : 15.588s

  No drift detected. All resources comply.

  JSON report: /Users/wikiwoo/DriftFinder/experiment-runs/20261008T073703Z/clean/after_D19_terraform.json
[09:45:57] Clean: terraform has no findings (after_D19_terraform)
[09:45:59] === D19 [cloudformation]: inject
  Ground truth logged: D19 [cloudformation] — flow_logs_enabled
[D19] Deleted flow log fl-01048930c2231cd65 from VPC vpc-0ed54d33c379bac5c
[09:46:01] Waiting 30s before scanning
[09:46:31] $ /Users/wikiwoo/DriftFinder/.venv/bin/python -c from driftfinder.cli.main import cli; cli() scan --config /Users/wikiwoo/DriftFinder/experiment-runs/20261008T073703Z/configs/.driftfinder-cloudformation.yml --output /Users/wikiwoo/DriftFinder/experiment-runs/20261008T073703Z/scans/D19_cloudformation --format json

  Resources scanned  : 9
  Resources with drift: 1
  Findings           : 1  (CRITICAL=0 HIGH=1 MEDIUM=0 LOW=0)
  Duration           : 24.645s

  SEV        RESOURCE               PROPERTY                             DECLARED           ACTUAL
  --------------------------------------------------------------------------------------------------------
  HIGH       vpc-0ed54d33c379bac5   flow_logs_enabled                    True               False

  JSON report: /Users/wikiwoo/DriftFinder/experiment-runs/20261008T073703Z/scans/D19_cloudformation.json
  Result recorded: D19 [cloudformation] — TP
[09:47:00] === D19 [cloudformation]: reset
[D19 RESET] Recreated flow log for VPC vpc-0ed54d33c379bac5c
[09:47:01] $ /Users/wikiwoo/DriftFinder/.venv/bin/python -c from driftfinder.cli.main import cli; cli() scan --config /Users/wikiwoo/DriftFinder/experiment-runs/20261008T073703Z/configs/.driftfinder-cloudformation.yml --output /Users/wikiwoo/DriftFinder/experiment-runs/20261008T073703Z/clean/after_D19_cloudformation --format json

  Resources scanned  : 9
  Resources with drift: 0
  Findings           : 0  (CRITICAL=0 HIGH=0 MEDIUM=0 LOW=0)
  Duration           : 21.548s

  No drift detected. All resources comply.

  JSON report: /Users/wikiwoo/DriftFinder/experiment-runs/20261008T073703Z/clean/after_D19_cloudformation.json
[09:47:28] Clean: cloudformation has no findings (after_D19_cloudformation)
[09:47:31] === D19 [pulumi]: inject
  Ground truth logged: D19 [pulumi] — flow_logs_enabled
[D19] Deleted flow log fl-0af88dbba2622398d from VPC vpc-02045867b7330bbfd
[09:47:33] Waiting 30s before scanning
[09:48:03] $ /Users/wikiwoo/DriftFinder/.venv/bin/python -c from driftfinder.cli.main import cli; cli() scan --config /Users/wikiwoo/DriftFinder/experiment-runs/20261008T073703Z/configs/.driftfinder-pulumi.yml --output /Users/wikiwoo/DriftFinder/experiment-runs/20261008T073703Z/scans/D19_pulumi --format json

  Resources scanned  : 9
  Resources with drift: 1
  Findings           : 1  (CRITICAL=0 HIGH=1 MEDIUM=0 LOW=0)
  Duration           : 13.171s

  SEV        RESOURCE               PROPERTY                             DECLARED           ACTUAL
  --------------------------------------------------------------------------------------------------------
  HIGH       vpc-02045867b7330bbf   flow_logs_enabled                    True               False

  JSON report: /Users/wikiwoo/DriftFinder/experiment-runs/20261008T073703Z/scans/D19_pulumi.json
  Result recorded: D19 [pulumi] — TP
[09:48:19] === D19 [pulumi]: reset
[D19 RESET] Recreated flow log for VPC vpc-02045867b7330bbfd
[09:48:21] $ /Users/wikiwoo/DriftFinder/.venv/bin/python -c from driftfinder.cli.main import cli; cli() scan --config /Users/wikiwoo/DriftFinder/experiment-runs/20261008T073703Z/configs/.driftfinder-pulumi.yml --output /Users/wikiwoo/DriftFinder/experiment-runs/20261008T073703Z/clean/after_D19_pulumi --format json

  Resources scanned  : 9
  Resources with drift: 0
  Findings           : 0  (CRITICAL=0 HIGH=0 MEDIUM=0 LOW=0)
  Duration           : 12.383s

  No drift detected. All resources comply.

  JSON report: /Users/wikiwoo/DriftFinder/experiment-runs/20261008T073703Z/clean/after_D19_pulumi.json
[09:48:36] Clean: pulumi has no findings (after_D19_pulumi)
[09:48:38] === D20 [terraform]: inject
  Ground truth logged: D20 [terraform] — default_sg_has_no_rules
[D20] Added rule to default SG sg-0cb0532c3bd763e8b in VPC vpc-0f5849a615bf0681a
[09:48:40] Waiting 30s before scanning
[09:49:10] $ /Users/wikiwoo/DriftFinder/.venv/bin/python -c from driftfinder.cli.main import cli; cli() scan --config /Users/wikiwoo/DriftFinder/experiment-runs/20261008T073703Z/configs/.driftfinder-terraform.yml --output /Users/wikiwoo/DriftFinder/experiment-runs/20261008T073703Z/scans/D20_terraform --format json

  Resources scanned  : 11
  Resources with drift: 1
  Findings           : 1  (CRITICAL=1 HIGH=0 MEDIUM=0 LOW=0)
  Duration           : 15.17s

  SEV        RESOURCE               PROPERTY                             DECLARED           ACTUAL
  --------------------------------------------------------------------------------------------------------
  CRITICAL   vpc-0f5849a615bf0681   default_sg_has_no_rules              True               False

  JSON report: /Users/wikiwoo/DriftFinder/experiment-runs/20261008T073703Z/scans/D20_terraform.json
  Result recorded: D20 [terraform] — TP
[09:49:28] === D20 [terraform]: reset
[D20 RESET] Removed rule from default SG sg-0cb0532c3bd763e8b
[09:49:30] $ /Users/wikiwoo/DriftFinder/.venv/bin/python -c from driftfinder.cli.main import cli; cli() scan --config /Users/wikiwoo/DriftFinder/experiment-runs/20261008T073703Z/configs/.driftfinder-terraform.yml --output /Users/wikiwoo/DriftFinder/experiment-runs/20261008T073703Z/clean/after_D20_terraform --format json

  Resources scanned  : 11
  Resources with drift: 0
  Findings           : 0  (CRITICAL=0 HIGH=0 MEDIUM=0 LOW=0)
  Duration           : 14.432s

  No drift detected. All resources comply.

  JSON report: /Users/wikiwoo/DriftFinder/experiment-runs/20261008T073703Z/clean/after_D20_terraform.json
[09:49:47] Clean: terraform has no findings (after_D20_terraform)
[09:49:48] === D20 [cloudformation]: inject
  Ground truth logged: D20 [cloudformation] — default_sg_has_no_rules
[D20] Added rule to default SG sg-0b18dcb5b89c600d3 in VPC vpc-0ed54d33c379bac5c
[09:49:51] Waiting 30s before scanning
[09:50:21] $ /Users/wikiwoo/DriftFinder/.venv/bin/python -c from driftfinder.cli.main import cli; cli() scan --config /Users/wikiwoo/DriftFinder/experiment-runs/20261008T073703Z/configs/.driftfinder-cloudformation.yml --output /Users/wikiwoo/DriftFinder/experiment-runs/20261008T073703Z/scans/D20_cloudformation --format json

  Resources scanned  : 9
  Resources with drift: 0
  Findings           : 0  (CRITICAL=0 HIGH=0 MEDIUM=0 LOW=0)
  Duration           : 25.077s

  No drift detected. All resources comply.

  JSON report: /Users/wikiwoo/DriftFinder/experiment-runs/20261008T073703Z/scans/D20_cloudformation.json
  Result recorded: D20 [cloudformation] — FN
[09:50:49] === D20 [cloudformation]: reset
[D20 RESET] Removed rule from default SG sg-0b18dcb5b89c600d3
[09:50:51] $ /Users/wikiwoo/DriftFinder/.venv/bin/python -c from driftfinder.cli.main import cli; cli() scan --config /Users/wikiwoo/DriftFinder/experiment-runs/20261008T073703Z/configs/.driftfinder-cloudformation.yml --output /Users/wikiwoo/DriftFinder/experiment-runs/20261008T073703Z/clean/after_D20_cloudformation --format json

  Resources scanned  : 9
  Resources with drift: 0
  Findings           : 0  (CRITICAL=0 HIGH=0 MEDIUM=0 LOW=0)
  Duration           : 20.142s

  No drift detected. All resources comply.

  JSON report: /Users/wikiwoo/DriftFinder/experiment-runs/20261008T073703Z/clean/after_D20_cloudformation.json
[09:51:16] Clean: cloudformation has no findings (after_D20_cloudformation)
[09:51:18] === D20 [pulumi]: inject
  Ground truth logged: D20 [pulumi] — default_sg_has_no_rules
[D20] Added rule to default SG sg-0f2412e13115ecc1e in VPC vpc-02045867b7330bbfd
[09:51:20] Waiting 30s before scanning
[09:51:50] $ /Users/wikiwoo/DriftFinder/.venv/bin/python -c from driftfinder.cli.main import cli; cli() scan --config /Users/wikiwoo/DriftFinder/experiment-runs/20261008T073703Z/configs/.driftfinder-pulumi.yml --output /Users/wikiwoo/DriftFinder/experiment-runs/20261008T073703Z/scans/D20_pulumi --format json

  Resources scanned  : 9
  Resources with drift: 1
  Findings           : 1  (CRITICAL=1 HIGH=0 MEDIUM=0 LOW=0)
  Duration           : 16.364s

  SEV        RESOURCE               PROPERTY                             DECLARED           ACTUAL
  --------------------------------------------------------------------------------------------------------
  CRITICAL   vpc-02045867b7330bbf   default_sg_has_no_rules              True               False

  JSON report: /Users/wikiwoo/DriftFinder/experiment-runs/20261008T073703Z/scans/D20_pulumi.json
  Result recorded: D20 [pulumi] — TP
[09:52:09] === D20 [pulumi]: reset
[D20 RESET] Removed rule from default SG sg-0f2412e13115ecc1e
[09:52:11] $ /Users/wikiwoo/DriftFinder/.venv/bin/python -c from driftfinder.cli.main import cli; cli() scan --config /Users/wikiwoo/DriftFinder/experiment-runs/20261008T073703Z/configs/.driftfinder-pulumi.yml --output /Users/wikiwoo/DriftFinder/experiment-runs/20261008T073703Z/clean/after_D20_pulumi --format json

  Resources scanned  : 9
  Resources with drift: 0
  Findings           : 0  (CRITICAL=0 HIGH=0 MEDIUM=0 LOW=0)
  Duration           : 17.099s

  No drift detected. All resources comply.

  JSON report: /Users/wikiwoo/DriftFinder/experiment-runs/20261008T073703Z/clean/after_D20_pulumi.json
[09:52:30] Clean: pulumi has no findings (after_D20_pulumi)
[09:52:32] === D21 [terraform]: inject
  Ground truth logged: D21 [terraform] — nacl_unrestricted_ingress
[D21] Added unrestricted ingress NACL entry to acl-0ca3576b3b653f5d4
[09:52:34] Waiting 30s before scanning
[09:53:04] $ /Users/wikiwoo/DriftFinder/.venv/bin/python -c from driftfinder.cli.main import cli; cli() scan --config /Users/wikiwoo/DriftFinder/experiment-runs/20261008T073703Z/configs/.driftfinder-terraform.yml --output /Users/wikiwoo/DriftFinder/experiment-runs/20261008T073703Z/scans/D21_terraform --format json

  Resources scanned  : 11
  Resources with drift: 1
  Findings           : 1  (CRITICAL=0 HIGH=0 MEDIUM=1 LOW=0)
  Duration           : 17.619s

  SEV        RESOURCE               PROPERTY                             DECLARED           ACTUAL
  --------------------------------------------------------------------------------------------------------
  MEDIUM     vpc-0f5849a615bf0681   nacl_unrestricted_ingress            False              True

  JSON report: /Users/wikiwoo/DriftFinder/experiment-runs/20261008T073703Z/scans/D21_terraform.json
  Result recorded: D21 [terraform] — TP
[09:53:23] === D21 [terraform]: reset
[D21 RESET] Removed NACL entry from acl-0ca3576b3b653f5d4
[09:53:25] $ /Users/wikiwoo/DriftFinder/.venv/bin/python -c from driftfinder.cli.main import cli; cli() scan --config /Users/wikiwoo/DriftFinder/experiment-runs/20261008T073703Z/configs/.driftfinder-terraform.yml --output /Users/wikiwoo/DriftFinder/experiment-runs/20261008T073703Z/clean/after_D21_terraform --format json

  Resources scanned  : 11
  Resources with drift: 0
  Findings           : 0  (CRITICAL=0 HIGH=0 MEDIUM=0 LOW=0)
  Duration           : 17.95s

  No drift detected. All resources comply.

  JSON report: /Users/wikiwoo/DriftFinder/experiment-runs/20261008T073703Z/clean/after_D21_terraform.json
[09:53:44] Clean: terraform has no findings (after_D21_terraform)
[09:53:46] === D21 [cloudformation]: inject
  Ground truth logged: D21 [cloudformation] — nacl_unrestricted_ingress
[D21] Added unrestricted ingress NACL entry to acl-0b81a146b168ca19f
[09:53:48] Waiting 30s before scanning
[09:54:18] $ /Users/wikiwoo/DriftFinder/.venv/bin/python -c from driftfinder.cli.main import cli; cli() scan --config /Users/wikiwoo/DriftFinder/experiment-runs/20261008T073703Z/configs/.driftfinder-cloudformation.yml --output /Users/wikiwoo/DriftFinder/experiment-runs/20261008T073703Z/scans/D21_cloudformation --format json

  Resources scanned  : 9
  Resources with drift: 1
  Findings           : 1  (CRITICAL=0 HIGH=0 MEDIUM=1 LOW=0)
  Duration           : 28.362s

  SEV        RESOURCE               PROPERTY                             DECLARED           ACTUAL
  --------------------------------------------------------------------------------------------------------
  MEDIUM     vpc-0ed54d33c379bac5   nacl_unrestricted_ingress            False              True

  JSON report: /Users/wikiwoo/DriftFinder/experiment-runs/20261008T073703Z/scans/D21_cloudformation.json
  Result recorded: D21 [cloudformation] — TP
[09:54:49] === D21 [cloudformation]: reset
[D21 RESET] Removed NACL entry from acl-0b81a146b168ca19f
[09:54:51] $ /Users/wikiwoo/DriftFinder/.venv/bin/python -c from driftfinder.cli.main import cli; cli() scan --config /Users/wikiwoo/DriftFinder/experiment-runs/20261008T073703Z/configs/.driftfinder-cloudformation.yml --output /Users/wikiwoo/DriftFinder/experiment-runs/20261008T073703Z/clean/after_D21_cloudformation --format json

  Resources scanned  : 9
  Resources with drift: 0
  Findings           : 0  (CRITICAL=0 HIGH=0 MEDIUM=0 LOW=0)
  Duration           : 22.587s

  No drift detected. All resources comply.

  JSON report: /Users/wikiwoo/DriftFinder/experiment-runs/20261008T073703Z/clean/after_D21_cloudformation.json
[09:55:17] Clean: cloudformation has no findings (after_D21_cloudformation)
[09:55:18] === D21 [pulumi]: inject
  Ground truth logged: D21 [pulumi] — nacl_unrestricted_ingress
[D21] Added unrestricted ingress NACL entry to acl-036af211d8573e382
[09:55:20] Waiting 30s before scanning
[09:55:50] $ /Users/wikiwoo/DriftFinder/.venv/bin/python -c from driftfinder.cli.main import cli; cli() scan --config /Users/wikiwoo/DriftFinder/experiment-runs/20261008T073703Z/configs/.driftfinder-pulumi.yml --output /Users/wikiwoo/DriftFinder/experiment-runs/20261008T073703Z/scans/D21_pulumi --format json

  Resources scanned  : 9
  Resources with drift: 1
  Findings           : 1  (CRITICAL=0 HIGH=0 MEDIUM=1 LOW=0)
  Duration           : 12.384s

  SEV        RESOURCE               PROPERTY                             DECLARED           ACTUAL
  --------------------------------------------------------------------------------------------------------
  MEDIUM     vpc-02045867b7330bbf   nacl_unrestricted_ingress            False              True

  JSON report: /Users/wikiwoo/DriftFinder/experiment-runs/20261008T073703Z/scans/D21_pulumi.json
  Result recorded: D21 [pulumi] — TP
[09:56:06] === D21 [pulumi]: reset
[D21 RESET] Removed NACL entry from acl-036af211d8573e382
[09:56:07] $ /Users/wikiwoo/DriftFinder/.venv/bin/python -c from driftfinder.cli.main import cli; cli() scan --config /Users/wikiwoo/DriftFinder/experiment-runs/20261008T073703Z/configs/.driftfinder-pulumi.yml --output /Users/wikiwoo/DriftFinder/experiment-runs/20261008T073703Z/clean/after_D21_pulumi --format json

  Resources scanned  : 9
  Resources with drift: 0
  Findings           : 0  (CRITICAL=0 HIGH=0 MEDIUM=0 LOW=0)
  Duration           : 12.047s

  No drift detected. All resources comply.

  JSON report: /Users/wikiwoo/DriftFinder/experiment-runs/20261008T073703Z/clean/after_D21_pulumi.json
[09:56:22] Clean: pulumi has no findings (after_D21_pulumi)
[09:56:23] === D22 [terraform]: inject
  Ground truth logged: D22 [terraform] — key_rotation_enabled
[D22] Disabled key rotation on KMS key 30bb257e-e6f7-420a-9644-c319d1cd69a0
[09:56:25] Waiting 30s before scanning
[09:56:55] $ /Users/wikiwoo/DriftFinder/.venv/bin/python -c from driftfinder.cli.main import cli; cli() scan --config /Users/wikiwoo/DriftFinder/experiment-runs/20261008T073703Z/configs/.driftfinder-terraform.yml --output /Users/wikiwoo/DriftFinder/experiment-runs/20261008T073703Z/scans/D22_terraform --format json

  Resources scanned  : 11
  Resources with drift: 1
  Findings           : 1  (CRITICAL=0 HIGH=1 MEDIUM=0 LOW=0)
  Duration           : 11.658s

  SEV        RESOURCE               PROPERTY                             DECLARED           ACTUAL
  --------------------------------------------------------------------------------------------------------
  HIGH       30bb257e-e6f7-420a-9   key_rotation_enabled                 True               False

  JSON report: /Users/wikiwoo/DriftFinder/experiment-runs/20261008T073703Z/scans/D22_terraform.json
  Result recorded: D22 [terraform] — TP
[09:57:08] === D22 [terraform]: reset
[D22 RESET] Re-enabled key rotation on KMS key 30bb257e-e6f7-420a-9644-c319d1cd69a0
[09:57:09] $ /Users/wikiwoo/DriftFinder/.venv/bin/python -c from driftfinder.cli.main import cli; cli() scan --config /Users/wikiwoo/DriftFinder/experiment-runs/20261008T073703Z/configs/.driftfinder-terraform.yml --output /Users/wikiwoo/DriftFinder/experiment-runs/20261008T073703Z/clean/after_D22_terraform --format json

  Resources scanned  : 11
  Resources with drift: 0
  Findings           : 0  (CRITICAL=0 HIGH=0 MEDIUM=0 LOW=0)
  Duration           : 14.761s

  No drift detected. All resources comply.

  JSON report: /Users/wikiwoo/DriftFinder/experiment-runs/20261008T073703Z/clean/after_D22_terraform.json
[09:57:27] Clean: terraform has no findings (after_D22_terraform)
[09:57:28] === D22 [cloudformation]: inject
  Ground truth logged: D22 [cloudformation] — key_rotation_enabled
[D22] Disabled key rotation on KMS key 3ad96e93-85ce-419a-a79e-bce2fb23e993
[09:57:30] Waiting 30s before scanning
[09:58:00] $ /Users/wikiwoo/DriftFinder/.venv/bin/python -c from driftfinder.cli.main import cli; cli() scan --config /Users/wikiwoo/DriftFinder/experiment-runs/20261008T073703Z/configs/.driftfinder-cloudformation.yml --output /Users/wikiwoo/DriftFinder/experiment-runs/20261008T073703Z/scans/D22_cloudformation --format json

  Resources scanned  : 9
  Resources with drift: 1
  Findings           : 1  (CRITICAL=0 HIGH=1 MEDIUM=0 LOW=0)
  Duration           : 32.955s

  SEV        RESOURCE               PROPERTY                             DECLARED           ACTUAL
  --------------------------------------------------------------------------------------------------------
  HIGH       3ad96e93-85ce-419a-a   key_rotation_enabled                 True               False

  JSON report: /Users/wikiwoo/DriftFinder/experiment-runs/20261008T073703Z/scans/D22_cloudformation.json
  Result recorded: D22 [cloudformation] — TP
[09:58:42] === D22 [cloudformation]: reset
[D22 RESET] Re-enabled key rotation on KMS key 3ad96e93-85ce-419a-a79e-bce2fb23e993
[09:58:45] $ /Users/wikiwoo/DriftFinder/.venv/bin/python -c from driftfinder.cli.main import cli; cli() scan --config /Users/wikiwoo/DriftFinder/experiment-runs/20261008T073703Z/configs/.driftfinder-cloudformation.yml --output /Users/wikiwoo/DriftFinder/experiment-runs/20261008T073703Z/clean/after_D22_cloudformation --format json

  Resources scanned  : 9
  Resources with drift: 0
  Findings           : 0  (CRITICAL=0 HIGH=0 MEDIUM=0 LOW=0)
  Duration           : 19.359s

  No drift detected. All resources comply.

  JSON report: /Users/wikiwoo/DriftFinder/experiment-runs/20261008T073703Z/clean/after_D22_cloudformation.json
[09:59:10] Clean: cloudformation has no findings (after_D22_cloudformation)
[09:59:12] === D22 [pulumi]: inject
  Ground truth logged: D22 [pulumi] — key_rotation_enabled
[D22] Disabled key rotation on KMS key 526893ee-1405-49c0-801b-cab14e743b04
[09:59:14] Waiting 30s before scanning
[09:59:44] $ /Users/wikiwoo/DriftFinder/.venv/bin/python -c from driftfinder.cli.main import cli; cli() scan --config /Users/wikiwoo/DriftFinder/experiment-runs/20261008T073703Z/configs/.driftfinder-pulumi.yml --output /Users/wikiwoo/DriftFinder/experiment-runs/20261008T073703Z/scans/D22_pulumi --format json

  Resources scanned  : 9
  Resources with drift: 1
  Findings           : 1  (CRITICAL=0 HIGH=1 MEDIUM=0 LOW=0)
  Duration           : 14.72s

  SEV        RESOURCE               PROPERTY                             DECLARED           ACTUAL
  --------------------------------------------------------------------------------------------------------
  HIGH       526893ee-1405-49c0-8   key_rotation_enabled                 True               False

  JSON report: /Users/wikiwoo/DriftFinder/experiment-runs/20261008T073703Z/scans/D22_pulumi.json
  Result recorded: D22 [pulumi] — TP
[10:00:01] === D22 [pulumi]: reset
[D22 RESET] Re-enabled key rotation on KMS key 526893ee-1405-49c0-801b-cab14e743b04
[10:00:03] $ /Users/wikiwoo/DriftFinder/.venv/bin/python -c from driftfinder.cli.main import cli; cli() scan --config /Users/wikiwoo/DriftFinder/experiment-runs/20261008T073703Z/configs/.driftfinder-pulumi.yml --output /Users/wikiwoo/DriftFinder/experiment-runs/20261008T073703Z/clean/after_D22_pulumi --format json

  Resources scanned  : 9
  Resources with drift: 0
  Findings           : 0  (CRITICAL=0 HIGH=0 MEDIUM=0 LOW=0)
  Duration           : 12.335s

  No drift detected. All resources comply.

  JSON report: /Users/wikiwoo/DriftFinder/experiment-runs/20261008T073703Z/clean/after_D22_pulumi.json
[10:00:19] Clean: pulumi has no findings (after_D22_pulumi)
[10:00:21] === D23 [terraform]: inject
[D23] WARNING: Disabling KMS key 30bb257e-e6f7-420a-9644-c319d1cd69a0.
      This affects RDS, EBS, and CloudTrail encrypted with this key.
      Run DriftFinder scan IMMEDIATELY then reset.
  Ground truth logged: D23 [terraform] — key_enabled
[D23] Disabled KMS key 30bb257e-e6f7-420a-9644-c319d1cd69a0
[10:00:24] Waiting 30s before scanning
[10:00:54] $ /Users/wikiwoo/DriftFinder/.venv/bin/python -c from driftfinder.cli.main import cli; cli() scan --config /Users/wikiwoo/DriftFinder/experiment-runs/20261008T073703Z/configs/.driftfinder-terraform.yml --output /Users/wikiwoo/DriftFinder/experiment-runs/20261008T073703Z/scans/D23_terraform --format json

  Resources scanned  : 11
  Resources with drift: 1
  Findings           : 1  (CRITICAL=1 HIGH=0 MEDIUM=0 LOW=0)
  Duration           : 16.098s

  SEV        RESOURCE               PROPERTY                             DECLARED           ACTUAL
  --------------------------------------------------------------------------------------------------------
  CRITICAL   30bb257e-e6f7-420a-9   key_enabled                          True               False

  JSON report: /Users/wikiwoo/DriftFinder/experiment-runs/20261008T073703Z/scans/D23_terraform.json
  Result recorded: D23 [terraform] — TP
[10:01:15] === D23 [terraform]: reset
[D23 RESET] Re-enabled KMS key 30bb257e-e6f7-420a-9644-c319d1cd69a0
[10:01:16] $ /Users/wikiwoo/DriftFinder/.venv/bin/python -c from driftfinder.cli.main import cli; cli() scan --config /Users/wikiwoo/DriftFinder/experiment-runs/20261008T073703Z/configs/.driftfinder-terraform.yml --output /Users/wikiwoo/DriftFinder/experiment-runs/20261008T073703Z/clean/after_D23_terraform --format json

  Resources scanned  : 11
  Resources with drift: 0
  Findings           : 0  (CRITICAL=0 HIGH=0 MEDIUM=0 LOW=0)
  Duration           : 16.956s

  No drift detected. All resources comply.

  JSON report: /Users/wikiwoo/DriftFinder/experiment-runs/20261008T073703Z/clean/after_D23_terraform.json
[10:01:36] Clean: terraform has no findings (after_D23_terraform)
[10:01:38] === D23 [cloudformation]: inject
[D23] WARNING: Disabling KMS key 3ad96e93-85ce-419a-a79e-bce2fb23e993.
      This affects RDS, EBS, and CloudTrail encrypted with this key.
      Run DriftFinder scan IMMEDIATELY then reset.
  Ground truth logged: D23 [cloudformation] — key_enabled
[D23] Disabled KMS key 3ad96e93-85ce-419a-a79e-bce2fb23e993
[10:01:39] Waiting 30s before scanning
[10:02:09] $ /Users/wikiwoo/DriftFinder/.venv/bin/python -c from driftfinder.cli.main import cli; cli() scan --config /Users/wikiwoo/DriftFinder/experiment-runs/20261008T073703Z/configs/.driftfinder-cloudformation.yml --output /Users/wikiwoo/DriftFinder/experiment-runs/20261008T073703Z/scans/D23_cloudformation --format json

  Resources scanned  : 9
  Resources with drift: 1
  Findings           : 1  (CRITICAL=1 HIGH=0 MEDIUM=0 LOW=0)
  Duration           : 23.881s

  SEV        RESOURCE               PROPERTY                             DECLARED           ACTUAL
  --------------------------------------------------------------------------------------------------------
  CRITICAL   3ad96e93-85ce-419a-a   key_enabled                          True               False

  JSON report: /Users/wikiwoo/DriftFinder/experiment-runs/20261008T073703Z/scans/D23_cloudformation.json
  Result recorded: D23 [cloudformation] — TP
[10:02:36] === D23 [cloudformation]: reset
[D23 RESET] Re-enabled KMS key 3ad96e93-85ce-419a-a79e-bce2fb23e993
[10:02:37] $ /Users/wikiwoo/DriftFinder/.venv/bin/python -c from driftfinder.cli.main import cli; cli() scan --config /Users/wikiwoo/DriftFinder/experiment-runs/20261008T073703Z/configs/.driftfinder-cloudformation.yml --output /Users/wikiwoo/DriftFinder/experiment-runs/20261008T073703Z/clean/after_D23_cloudformation --format json

  Resources scanned  : 9
  Resources with drift: 0
  Findings           : 0  (CRITICAL=0 HIGH=0 MEDIUM=0 LOW=0)
  Duration           : 20.04s

  No drift detected. All resources comply.

  JSON report: /Users/wikiwoo/DriftFinder/experiment-runs/20261008T073703Z/clean/after_D23_cloudformation.json
[10:03:01] Clean: cloudformation has no findings (after_D23_cloudformation)
[10:03:03] === D23 [pulumi]: inject
[D23] WARNING: Disabling KMS key 526893ee-1405-49c0-801b-cab14e743b04.
      This affects RDS, EBS, and CloudTrail encrypted with this key.
      Run DriftFinder scan IMMEDIATELY then reset.
  Ground truth logged: D23 [pulumi] — key_enabled
[D23] Disabled KMS key 526893ee-1405-49c0-801b-cab14e743b04
[10:03:05] Waiting 30s before scanning
[10:03:35] $ /Users/wikiwoo/DriftFinder/.venv/bin/python -c from driftfinder.cli.main import cli; cli() scan --config /Users/wikiwoo/DriftFinder/experiment-runs/20261008T073703Z/configs/.driftfinder-pulumi.yml --output /Users/wikiwoo/DriftFinder/experiment-runs/20261008T073703Z/scans/D23_pulumi --format json

  Resources scanned  : 9
  Resources with drift: 1
  Findings           : 1  (CRITICAL=1 HIGH=0 MEDIUM=0 LOW=0)
  Duration           : 21.913s

  SEV        RESOURCE               PROPERTY                             DECLARED           ACTUAL
  --------------------------------------------------------------------------------------------------------
  CRITICAL   526893ee-1405-49c0-8   key_enabled                          True               False

  JSON report: /Users/wikiwoo/DriftFinder/experiment-runs/20261008T073703Z/scans/D23_pulumi.json
  Result recorded: D23 [pulumi] — TP
[10:03:59] === D23 [pulumi]: reset
[D23 RESET] Re-enabled KMS key 526893ee-1405-49c0-801b-cab14e743b04
[10:04:03] $ /Users/wikiwoo/DriftFinder/.venv/bin/python -c from driftfinder.cli.main import cli; cli() scan --config /Users/wikiwoo/DriftFinder/experiment-runs/20261008T073703Z/configs/.driftfinder-pulumi.yml --output /Users/wikiwoo/DriftFinder/experiment-runs/20261008T073703Z/clean/after_D23_pulumi --format json

  Resources scanned  : 9
  Resources with drift: 0
  Findings           : 0  (CRITICAL=0 HIGH=0 MEDIUM=0 LOW=0)
  Duration           : 12.162s

  No drift detected. All resources comply.

  JSON report: /Users/wikiwoo/DriftFinder/experiment-runs/20261008T073703Z/clean/after_D23_pulumi.json
[10:04:16] Clean: pulumi has no findings (after_D23_pulumi)
[10:04:17] === D24 [terraform]: inject
  Ground truth logged: D24 [terraform] — key_policy_allows_public_access
[D24] Modified key policy on KMS key 30bb257e-e6f7-420a-9644-c319d1cd69a0 to add broad access
[10:04:18] Waiting 30s before scanning
[10:04:48] $ /Users/wikiwoo/DriftFinder/.venv/bin/python -c from driftfinder.cli.main import cli; cli() scan --config /Users/wikiwoo/DriftFinder/experiment-runs/20261008T073703Z/configs/.driftfinder-terraform.yml --output /Users/wikiwoo/DriftFinder/experiment-runs/20261008T073703Z/scans/D24_terraform --format json

  Resources scanned  : 11
  Resources with drift: 1
  Findings           : 1  (CRITICAL=0 HIGH=1 MEDIUM=0 LOW=0)
  Duration           : 15.486s

  SEV        RESOURCE               PROPERTY                             DECLARED           ACTUAL
  --------------------------------------------------------------------------------------------------------
  HIGH       30bb257e-e6f7-420a-9   key_policy_allows_public_access      False              True

  JSON report: /Users/wikiwoo/DriftFinder/experiment-runs/20261008T073703Z/scans/D24_terraform.json
  Result recorded: D24 [terraform] — TP
[10:05:06] === D24 [terraform]: reset
[D24 RESET] Restored original key policy on KMS key 30bb257e-e6f7-420a-9644-c319d1cd69a0
[10:05:06] $ /Users/wikiwoo/DriftFinder/.venv/bin/python -c from driftfinder.cli.main import cli; cli() scan --config /Users/wikiwoo/DriftFinder/experiment-runs/20261008T073703Z/configs/.driftfinder-terraform.yml --output /Users/wikiwoo/DriftFinder/experiment-runs/20261008T073703Z/clean/after_D24_terraform --format json

  Resources scanned  : 11
  Resources with drift: 0
  Findings           : 0  (CRITICAL=0 HIGH=0 MEDIUM=0 LOW=0)
  Duration           : 15.474s

  No drift detected. All resources comply.

  JSON report: /Users/wikiwoo/DriftFinder/experiment-runs/20261008T073703Z/clean/after_D24_terraform.json
[10:05:26] Clean: terraform has no findings (after_D24_terraform)
[10:05:27] === D24 [cloudformation]: inject
  Ground truth logged: D24 [cloudformation] — key_policy_allows_public_access
[D24] Modified key policy on KMS key 3ad96e93-85ce-419a-a79e-bce2fb23e993 to add broad access
[10:05:29] Waiting 30s before scanning
[10:05:59] $ /Users/wikiwoo/DriftFinder/.venv/bin/python -c from driftfinder.cli.main import cli; cli() scan --config /Users/wikiwoo/DriftFinder/experiment-runs/20261008T073703Z/configs/.driftfinder-cloudformation.yml --output /Users/wikiwoo/DriftFinder/experiment-runs/20261008T073703Z/scans/D24_cloudformation --format json

  Resources scanned  : 9
  Resources with drift: 1
  Findings           : 1  (CRITICAL=0 HIGH=1 MEDIUM=0 LOW=0)
  Duration           : 20.745s

  SEV        RESOURCE               PROPERTY                             DECLARED           ACTUAL
  --------------------------------------------------------------------------------------------------------
  HIGH       3ad96e93-85ce-419a-a   key_policy_allows_public_access      False              True

  JSON report: /Users/wikiwoo/DriftFinder/experiment-runs/20261008T073703Z/scans/D24_cloudformation.json
  Result recorded: D24 [cloudformation] — TP
[10:06:29] === D24 [cloudformation]: reset
[D24 RESET] Restored original key policy on KMS key 3ad96e93-85ce-419a-a79e-bce2fb23e993
[10:06:30] $ /Users/wikiwoo/DriftFinder/.venv/bin/python -c from driftfinder.cli.main import cli; cli() scan --config /Users/wikiwoo/DriftFinder/experiment-runs/20261008T073703Z/configs/.driftfinder-cloudformation.yml --output /Users/wikiwoo/DriftFinder/experiment-runs/20261008T073703Z/clean/after_D24_cloudformation --format json

  Resources scanned  : 9
  Resources with drift: 0
  Findings           : 0  (CRITICAL=0 HIGH=0 MEDIUM=0 LOW=0)
  Duration           : 21.185s

  No drift detected. All resources comply.

  JSON report: /Users/wikiwoo/DriftFinder/experiment-runs/20261008T073703Z/clean/after_D24_cloudformation.json
[10:06:55] Clean: cloudformation has no findings (after_D24_cloudformation)
[10:06:56] === D24 [pulumi]: inject
  Ground truth logged: D24 [pulumi] — key_policy_allows_public_access
[D24] Modified key policy on KMS key 526893ee-1405-49c0-801b-cab14e743b04 to add broad access
[10:06:56] Waiting 30s before scanning
[10:07:26] $ /Users/wikiwoo/DriftFinder/.venv/bin/python -c from driftfinder.cli.main import cli; cli() scan --config /Users/wikiwoo/DriftFinder/experiment-runs/20261008T073703Z/configs/.driftfinder-pulumi.yml --output /Users/wikiwoo/DriftFinder/experiment-runs/20261008T073703Z/scans/D24_pulumi --format json

  Resources scanned  : 9
  Resources with drift: 1
  Findings           : 1  (CRITICAL=0 HIGH=1 MEDIUM=0 LOW=0)
  Duration           : 10.388s

  SEV        RESOURCE               PROPERTY                             DECLARED           ACTUAL
  --------------------------------------------------------------------------------------------------------
  HIGH       526893ee-1405-49c0-8   key_policy_allows_public_access      False              True

  JSON report: /Users/wikiwoo/DriftFinder/experiment-runs/20261008T073703Z/scans/D24_pulumi.json
  Result recorded: D24 [pulumi] — TP
[10:07:38] === D24 [pulumi]: reset
[D24 RESET] Restored original key policy on KMS key 526893ee-1405-49c0-801b-cab14e743b04
[10:07:39] $ /Users/wikiwoo/DriftFinder/.venv/bin/python -c from driftfinder.cli.main import cli; cli() scan --config /Users/wikiwoo/DriftFinder/experiment-runs/20261008T073703Z/configs/.driftfinder-pulumi.yml --output /Users/wikiwoo/DriftFinder/experiment-runs/20261008T073703Z/clean/after_D24_pulumi --format json

  Resources scanned  : 9
  Resources with drift: 0
  Findings           : 0  (CRITICAL=0 HIGH=0 MEDIUM=0 LOW=0)
  Duration           : 14.078s

  No drift detected. All resources comply.

  JSON report: /Users/wikiwoo/DriftFinder/experiment-runs/20261008T073703Z/clean/after_D24_pulumi.json
[10:07:56] Clean: pulumi has no findings (after_D24_pulumi)
[10:07:58] === C1 [terraform]: control scan
[10:07:58] $ /Users/wikiwoo/DriftFinder/.venv/bin/python -c from driftfinder.cli.main import cli; cli() scan --config /Users/wikiwoo/DriftFinder/experiment-runs/20261008T073703Z/configs/.driftfinder-terraform.yml --output /Users/wikiwoo/DriftFinder/experiment-runs/20261008T073703Z/scans/C1_terraform --format json

  Resources scanned  : 11
  Resources with drift: 0
  Findings           : 0  (CRITICAL=0 HIGH=0 MEDIUM=0 LOW=0)
  Duration           : 14.732s

  No drift detected. All resources comply.

  JSON report: /Users/wikiwoo/DriftFinder/experiment-runs/20261008T073703Z/scans/C1_terraform.json
  Control recorded: C1 [terraform]: 0 findings
[10:08:16] === C2 [cloudformation]: control scan
[10:08:16] $ /Users/wikiwoo/DriftFinder/.venv/bin/python -c from driftfinder.cli.main import cli; cli() scan --config /Users/wikiwoo/DriftFinder/experiment-runs/20261008T073703Z/configs/.driftfinder-cloudformation.yml --output /Users/wikiwoo/DriftFinder/experiment-runs/20261008T073703Z/scans/C2_cloudformation --format json

  Resources scanned  : 9
  Resources with drift: 0
  Findings           : 0  (CRITICAL=0 HIGH=0 MEDIUM=0 LOW=0)
  Duration           : 28.844s

  No drift detected. All resources comply.

  JSON report: /Users/wikiwoo/DriftFinder/experiment-runs/20261008T073703Z/scans/C2_cloudformation.json
  Control recorded: C2 [cloudformation]: 0 findings
[10:08:52] === C3 [pulumi]: control scan
[10:08:52] $ /Users/wikiwoo/DriftFinder/.venv/bin/python -c from driftfinder.cli.main import cli; cli() scan --config /Users/wikiwoo/DriftFinder/experiment-runs/20261008T073703Z/configs/.driftfinder-pulumi.yml --output /Users/wikiwoo/DriftFinder/experiment-runs/20261008T073703Z/scans/C3_pulumi --format json

  Resources scanned  : 9
  Resources with drift: 0
  Findings           : 0  (CRITICAL=0 HIGH=0 MEDIUM=0 LOW=0)
  Duration           : 13.504s

  No drift detected. All resources comply.

  JSON report: /Users/wikiwoo/DriftFinder/experiment-runs/20261008T073703Z/scans/C3_pulumi.json
  Control recorded: C3 [pulumi]: 0 findings
[10:09:09] === C4 [terraform]: control scan
[10:09:09] $ /Users/wikiwoo/DriftFinder/.venv/bin/python -c from driftfinder.cli.main import cli; cli() scan --config /Users/wikiwoo/DriftFinder/experiment-runs/20261008T073703Z/configs/.driftfinder-terraform.yml --output /Users/wikiwoo/DriftFinder/experiment-runs/20261008T073703Z/scans/C4_terraform --format json

  Resources scanned  : 11
  Resources with drift: 0
  Findings           : 0  (CRITICAL=0 HIGH=0 MEDIUM=0 LOW=0)
  Duration           : 15.591s

  No drift detected. All resources comply.

  JSON report: /Users/wikiwoo/DriftFinder/experiment-runs/20261008T073703Z/scans/C4_terraform.json
  Control recorded: C4 [terraform]: 0 findings
[10:09:29] === C5 [cloudformation]: control scan
[10:09:29] $ /Users/wikiwoo/DriftFinder/.venv/bin/python -c from driftfinder.cli.main import cli; cli() scan --config /Users/wikiwoo/DriftFinder/experiment-runs/20261008T073703Z/configs/.driftfinder-cloudformation.yml --output /Users/wikiwoo/DriftFinder/experiment-runs/20261008T073703Z/scans/C5_cloudformation --format json

  Resources scanned  : 9
  Resources with drift: 0
  Findings           : 0  (CRITICAL=0 HIGH=0 MEDIUM=0 LOW=0)
  Duration           : 21.758s

  No drift detected. All resources comply.

  JSON report: /Users/wikiwoo/DriftFinder/experiment-runs/20261008T073703Z/scans/C5_cloudformation.json
  Control recorded: C5 [cloudformation]: 0 findings
[10:09:56] === C6 [pulumi]: control scan
[10:09:56] $ /Users/wikiwoo/DriftFinder/.venv/bin/python -c from driftfinder.cli.main import cli; cli() scan --config /Users/wikiwoo/DriftFinder/experiment-runs/20261008T073703Z/configs/.driftfinder-pulumi.yml --output /Users/wikiwoo/DriftFinder/experiment-runs/20261008T073703Z/scans/C6_pulumi --format json

  Resources scanned  : 9
  Resources with drift: 0
  Findings           : 0  (CRITICAL=0 HIGH=0 MEDIUM=0 LOW=0)
  Duration           : 13.241s

  No drift detected. All resources comply.

  JSON report: /Users/wikiwoo/DriftFinder/experiment-runs/20261008T073703Z/scans/C6_pulumi.json
  Control recorded: C6 [pulumi]: 0 findings

======================================================================
DRIFTFINDER EXPERIMENT RESULTS SUMMARY
======================================================================

TERRAFORM
  Scenarios:  24 (18 with drift injected, 6 without)
  TP: 18  FP: 0  FN: 6
  Precision:  1.0000
  Recall:     0.7500 (all scenarios)
  Recall:     1.0000 (scenarios with drift injected)
  F1 Score:   0.8571 (all scenarios)
  F1 Score:   1.0000 (scenarios with drift injected)
  Detections with expected severity: 18 of 18
  Detections with expected CIS control: 18 of 18

CLOUDFORMATION
  Scenarios:  24 (18 with drift injected, 6 without)
  TP: 17  FP: 0  FN: 7
  Precision:  1.0000
  Recall:     0.7083 (all scenarios)
  Recall:     0.9444 (scenarios with drift injected)
  F1 Score:   0.8293 (all scenarios)
  F1 Score:   0.9714 (scenarios with drift injected)
  Detections with expected severity: 17 of 17
  Detections with expected CIS control: 17 of 17

PULUMI
  Scenarios:  24 (18 with drift injected, 6 without)
  TP: 18  FP: 0  FN: 6
  Precision:  1.0000
  Recall:     0.7500 (all scenarios)
  Recall:     1.0000 (scenarios with drift injected)
  F1 Score:   0.8571 (all scenarios)
  F1 Score:   1.0000 (scenarios with drift injected)
  Detections with expected severity: 18 of 18
  Detections with expected CIS control: 18 of 18

OVERALL
  Scenarios:  72 (54 with drift injected, 18 without)
  TP: 53  FP: 0  FN: 19
  Precision:  1.0000
  Recall:     0.7361 (all scenarios)
  Recall:     0.9815 (scenarios with drift injected)
  F1 Score:   0.8480 (all scenarios)
  F1 Score:   0.9907 (scenarios with drift injected)
  Detections with expected severity: 53 of 53
  Detections with expected CIS control: 53 of 53
======================================================================

Dissertation results exported to /Users/wikiwoo/DriftFinder/experiment-runs/20261008T073703Z/results_summary.json

False positives: 0

Scenario  terraform       cloudformation  pulumi          
D1        FN (no drift)   FN (no drift)   FN (no drift)   
D2        TP              TP              TP              
D3        TP              TP              TP              
D4        TP              TP              TP              
D5        TP              TP              TP              
D6        TP              TP              TP              
D7        TP              TP              TP              
D8        TP              TP              TP              
D9        TP              TP              TP              
D10       FN (no drift)   FN (no drift)   FN (no drift)   
D11       FN (no drift)   FN (no drift)   FN (no drift)   
D12       TP              TP              TP              
D13       FN (no drift)   FN (no drift)   FN (no drift)   
D14       FN (no drift)   FN (no drift)   FN (no drift)   
D15       FN (no drift)   FN (no drift)   FN (no drift)   
D16       TP              TP              TP              
D17       TP              TP              TP              
D18       TP              TP              TP              
D19       TP              TP              TP              
D20       TP              FN              TP              
D21       TP              TP              TP              
D22       TP              TP              TP              
D23       TP              TP              TP              
D24       TP              TP              TP              
[10:10:19] Teardown: starting
[10:10:30] Teardown: Terraform
[10:10:30] $ terraform destroy -auto-approve -input=false -no-color
aws_cloudwatch_log_group.flow_logs: Refreshing state... [id=/driftfinder/vpc-flow-logs-tf]
aws_s3_bucket.driftfinder_test: Refreshing state... [id=driftfinder-s3-test-575108919391-tf]
aws_vpc.driftfinder_test: Refreshing state... [id=vpc-0f5849a615bf0681a]
aws_iam_role.cloudtrail_cw: Refreshing state... [id=driftfinder-cloudtrail-cw-tf]
aws_kms_key.driftfinder_test: Refreshing state... [id=30bb257e-e6f7-420a-9644-c319d1cd69a0]
aws_iam_policy.driftfinder_test: Refreshing state... [id=arn:aws:iam::575108919391:policy/driftfinder-iam-test]
aws_iam_role.flow_logs: Refreshing state... [id=driftfinder-flow-logs-tf]
aws_cloudwatch_log_group.cloudtrail: Refreshing state... [id=/driftfinder/cloudtrail-tf]
aws_s3_bucket.cloudtrail_logs: Refreshing state... [id=driftfinder-ct-logs-575108919391-tf]
aws_kms_alias.driftfinder_test: Refreshing state... [id=alias/driftfinder-test-terraform]
aws_ebs_volume.driftfinder_test: Refreshing state... [id=vol-0f212c4c17b28c1a0]
aws_s3_bucket_public_access_block.driftfinder_test: Refreshing state... [id=driftfinder-s3-test-575108919391-tf]
aws_s3_bucket_versioning.driftfinder_test: Refreshing state... [id=driftfinder-s3-test-575108919391-tf]
aws_s3_bucket_server_side_encryption_configuration.driftfinder_test: Refreshing state... [id=driftfinder-s3-test-575108919391-tf]
aws_iam_role_policy.cloudtrail_cw: Refreshing state... [id=driftfinder-cloudtrail-cw-tf:driftfinder-cloudtrail-cw-policy-tf]
aws_default_security_group.driftfinder_test: Refreshing state... [id=sg-0cb0532c3bd763e8b]
aws_subnet.b: Refreshing state... [id=subnet-09a89efe8f2052fd3]
aws_security_group.driftfinder_test: Refreshing state... [id=sg-0b158f112746d8285]
aws_iam_role_policy.flow_logs: Refreshing state... [id=driftfinder-flow-logs-tf:driftfinder-flow-logs-policy-tf]
aws_flow_log.driftfinder_test: Refreshing state... [id=fl-0a405c223b529140b]
aws_default_network_acl.driftfinder_test: Refreshing state... [id=acl-0ca3576b3b653f5d4]
aws_subnet.a: Refreshing state... [id=subnet-03ef86047368e86a5]
aws_db_subnet_group.driftfinder_test: Refreshing state... [id=driftfinder-rds-subnet-group-tf]
aws_s3_bucket_public_access_block.cloudtrail_logs: Refreshing state... [id=driftfinder-ct-logs-575108919391-tf]
aws_s3_bucket_logging.driftfinder_test: Refreshing state... [id=driftfinder-s3-test-575108919391-tf]
aws_s3_bucket_policy.cloudtrail_logs: Refreshing state... [id=driftfinder-ct-logs-575108919391-tf]
aws_cloudtrail.driftfinder_test: Refreshing state... [id=arn:aws:cloudtrail:eu-west-1:575108919391:trail/driftfinder-trail-test]
aws_db_instance.driftfinder_test: Refreshing state... [id=db-LO6UGXTTPV6OYYV76WFLVRWWEI]

Terraform used the selected providers to generate the following execution
plan. Resource actions are indicated with the following symbols:
  - destroy

Terraform will perform the following actions:

  # aws_cloudtrail.driftfinder_test will be destroyed
  - resource "aws_cloudtrail" "driftfinder_test" {
      - arn                           = "arn:aws:cloudtrail:eu-west-1:575108919391:trail/driftfinder-trail-test" -> null
      - cloud_watch_logs_group_arn    = "arn:aws:logs:eu-west-1:575108919391:log-group:/driftfinder/cloudtrail-tf:*" -> null
      - cloud_watch_logs_role_arn     = "arn:aws:iam::575108919391:role/driftfinder-cloudtrail-cw-tf" -> null
      - enable_log_file_validation    = true -> null
      - enable_logging                = true -> null
      - home_region                   = "eu-west-1" -> null
      - id                            = "arn:aws:cloudtrail:eu-west-1:575108919391:trail/driftfinder-trail-test" -> null
      - include_global_service_events = true -> null
      - is_multi_region_trail         = true -> null
      - is_organization_trail         = false -> null
      - kms_key_id                    = "arn:aws:kms:eu-west-1:575108919391:key/30bb257e-e6f7-420a-9644-c319d1cd69a0" -> null
      - name                          = "driftfinder-trail-test" -> null
      - s3_bucket_name                = "driftfinder-ct-logs-575108919391-tf" -> null
      - tags                          = {
          - "Environment" = "driftfinder-experiment"
          - "IaCTool"     = "terraform"
          - "Name"        = "driftfinder-trail-test"
        } -> null
      - tags_all                      = {
          - "Environment" = "driftfinder-experiment"
          - "IaCTool"     = "terraform"
          - "Name"        = "driftfinder-trail-test"
        } -> null
        # (2 unchanged attributes hidden)
    }

  # aws_cloudwatch_log_group.cloudtrail will be destroyed
  - resource "aws_cloudwatch_log_group" "cloudtrail" {
      - arn               = "arn:aws:logs:eu-west-1:575108919391:log-group:/driftfinder/cloudtrail-tf" -> null
      - id                = "/driftfinder/cloudtrail-tf" -> null
      - log_group_class   = "STANDARD" -> null
      - name              = "/driftfinder/cloudtrail-tf" -> null
      - retention_in_days = 7 -> null
      - skip_destroy      = false -> null
      - tags              = {} -> null
      - tags_all          = {} -> null
        # (2 unchanged attributes hidden)
    }

  # aws_cloudwatch_log_group.flow_logs will be destroyed
  - resource "aws_cloudwatch_log_group" "flow_logs" {
      - arn               = "arn:aws:logs:eu-west-1:575108919391:log-group:/driftfinder/vpc-flow-logs-tf" -> null
      - id                = "/driftfinder/vpc-flow-logs-tf" -> null
      - log_group_class   = "STANDARD" -> null
      - name              = "/driftfinder/vpc-flow-logs-tf" -> null
      - retention_in_days = 7 -> null
      - skip_destroy      = false -> null
      - tags              = {} -> null
      - tags_all          = {} -> null
        # (2 unchanged attributes hidden)
    }

  # aws_db_instance.driftfinder_test will be destroyed
  - resource "aws_db_instance" "driftfinder_test" {
      - address                               = "driftfinder-rds-test.c9i44keagnz4.eu-west-1.rds.amazonaws.com" -> null
      - allocated_storage                     = 20 -> null
      - apply_immediately                     = false -> null
      - arn                                   = "arn:aws:rds:eu-west-1:575108919391:db:driftfinder-rds-test" -> null
      - auto_minor_version_upgrade            = true -> null
      - availability_zone                     = "eu-west-1a" -> null
      - backup_retention_period               = 7 -> null
      - backup_target                         = "region" -> null
      - backup_window                         = "23:42-00:12" -> null
      - ca_cert_identifier                    = "rds-ca-rsa2048-g1" -> null
      - copy_tags_to_snapshot                 = false -> null
      - customer_owned_ip_enabled             = false -> null
      - db_subnet_group_name                  = "driftfinder-rds-subnet-group-tf" -> null
      - dedicated_log_volume                  = false -> null
      - delete_automated_backups              = true -> null
      - deletion_protection                   = false -> null
      - domain_dns_ips                        = [] -> null
      - enabled_cloudwatch_logs_exports       = [] -> null
      - endpoint                              = "driftfinder-rds-test.c9i44keagnz4.eu-west-1.rds.amazonaws.com:3306" -> null
      - engine                                = "mysql" -> null
      - engine_lifecycle_support              = "open-source-rds-extended-support" -> null
      - engine_version                        = "8.4" -> null
      - engine_version_actual                 = "8.4.9" -> null
      - hosted_zone_id                        = "Z29XKXDKYMONMX" -> null
      - iam_database_authentication_enabled   = false -> null
      - id                                    = "db-LO6UGXTTPV6OYYV76WFLVRWWEI" -> null
      - identifier                            = "driftfinder-rds-test" -> null
      - instance_class                        = "db.t3.micro" -> null
      - iops                                  = 0 -> null
      - kms_key_id                            = "arn:aws:kms:eu-west-1:575108919391:key/30bb257e-e6f7-420a-9644-c319d1cd69a0" -> null
      - latest_restorable_time                = "2026-10-08T09:55:18Z" -> null
      - license_model                         = "general-public-license" -> null
      - listener_endpoint                     = [] -> null
      - maintenance_window                    = "fri:03:03-fri:03:33" -> null
      - master_user_secret                    = [] -> null
      - max_allocated_storage                 = 0 -> null
      - monitoring_interval                   = 0 -> null
      - multi_az                              = false -> null
      - network_type                          = "IPV4" -> null
      - option_group_name                     = "default:mysql-8-4" -> null
      - parameter_group_name                  = "default.mysql8.4" -> null
      - password                              = (sensitive value) -> null
      - performance_insights_enabled          = false -> null
      - performance_insights_retention_period = 0 -> null
      - port                                  = 3306 -> null
      - publicly_accessible                   = false -> null
      - replicas                              = [] -> null
      - resource_id                           = "db-LO6UGXTTPV6OYYV76WFLVRWWEI" -> null
      - skip_final_snapshot                   = true -> null
      - status                                = "available" -> null
      - storage_encrypted                     = true -> null
      - storage_throughput                    = 0 -> null
      - storage_type                          = "gp2" -> null
      - tags                                  = {
          - "Environment" = "driftfinder-experiment"
          - "IaCTool"     = "terraform"
          - "Name"        = "driftfinder-rds-test"
        } -> null
      - tags_all                              = {
          - "Environment" = "driftfinder-experiment"
          - "IaCTool"     = "terraform"
          - "Name"        = "driftfinder-rds-test"
        } -> null
      - username                              = "admin" -> null
      - vpc_security_group_ids                = [
          - "sg-0b158f112746d8285",
        ] -> null
        # (15 unchanged attributes hidden)
    }

  # aws_db_subnet_group.driftfinder_test will be destroyed
  - resource "aws_db_subnet_group" "driftfinder_test" {
      - arn                     = "arn:aws:rds:eu-west-1:575108919391:subgrp:driftfinder-rds-subnet-group-tf" -> null
      - description             = "Managed by Terraform" -> null
      - id                      = "driftfinder-rds-subnet-group-tf" -> null
      - name                    = "driftfinder-rds-subnet-group-tf" -> null
      - subnet_ids              = [
          - "subnet-03ef86047368e86a5",
          - "subnet-09a89efe8f2052fd3",
        ] -> null
      - supported_network_types = [
          - "IPV4",
        ] -> null
      - tags                    = {
          - "Name" = "driftfinder-rds-subnet-group-tf"
        } -> null
      - tags_all                = {
          - "Name" = "driftfinder-rds-subnet-group-tf"
        } -> null
      - vpc_id                  = "vpc-0f5849a615bf0681a" -> null
        # (1 unchanged attribute hidden)
    }

  # aws_default_network_acl.driftfinder_test will be destroyed
  - resource "aws_default_network_acl" "driftfinder_test" {
      - arn                    = "arn:aws:ec2:eu-west-1:575108919391:network-acl/acl-0ca3576b3b653f5d4" -> null
      - default_network_acl_id = "acl-0ca3576b3b653f5d4" -> null
      - id                     = "acl-0ca3576b3b653f5d4" -> null
      - owner_id               = "575108919391" -> null
      - subnet_ids             = [
          - "subnet-03ef86047368e86a5",
          - "subnet-09a89efe8f2052fd3",
        ] -> null
      - tags                   = {
          - "Environment" = "driftfinder-experiment"
          - "IaCTool"     = "terraform"
          - "Name"        = "driftfinder-default-nacl-tf"
        } -> null
      - tags_all               = {
          - "Environment" = "driftfinder-experiment"
          - "IaCTool"     = "terraform"
          - "Name"        = "driftfinder-default-nacl-tf"
        } -> null
      - vpc_id                 = "vpc-0f5849a615bf0681a" -> null

      - egress {
          - action          = "allow" -> null
          - cidr_block      = "0.0.0.0/0" -> null
          - from_port       = 0 -> null
          - icmp_code       = 0 -> null
          - icmp_type       = 0 -> null
          - protocol        = "-1" -> null
          - rule_no         = 100 -> null
          - to_port         = 0 -> null
            # (1 unchanged attribute hidden)
        }

      - ingress {
          - action          = "allow" -> null
          - cidr_block      = "0.0.0.0/0" -> null
          - from_port       = 1024 -> null
          - icmp_code       = 0 -> null
          - icmp_type       = 0 -> null
          - protocol        = "6" -> null
          - rule_no         = 200 -> null
          - to_port         = 65535 -> null
            # (1 unchanged attribute hidden)
        }
      - ingress {
          - action          = "allow" -> null
          - cidr_block      = "0.0.0.0/0" -> null
          - from_port       = 443 -> null
          - icmp_code       = 0 -> null
          - icmp_type       = 0 -> null
          - protocol        = "6" -> null
          - rule_no         = 100 -> null
          - to_port         = 443 -> null
            # (1 unchanged attribute hidden)
        }
    }

  # aws_default_security_group.driftfinder_test will be destroyed
  - resource "aws_default_security_group" "driftfinder_test" {
      - arn                    = "arn:aws:ec2:eu-west-1:575108919391:security-group/sg-0cb0532c3bd763e8b" -> null
      - description            = "default VPC security group" -> null
      - egress                 = [] -> null
      - id                     = "sg-0cb0532c3bd763e8b" -> null
      - ingress                = [] -> null
      - name                   = "default" -> null
      - owner_id               = "575108919391" -> null
      - revoke_rules_on_delete = false -> null
      - tags                   = {
          - "Environment" = "driftfinder-experiment"
          - "IaCTool"     = "terraform"
          - "Name"        = "driftfinder-default-sg-tf"
        } -> null
      - tags_all               = {
          - "Environment" = "driftfinder-experiment"
          - "IaCTool"     = "terraform"
          - "Name"        = "driftfinder-default-sg-tf"
        } -> null
      - vpc_id                 = "vpc-0f5849a615bf0681a" -> null
        # (1 unchanged attribute hidden)
    }

  # aws_ebs_volume.driftfinder_test will be destroyed
  - resource "aws_ebs_volume" "driftfinder_test" {
      - arn                  = "arn:aws:ec2:eu-west-1:575108919391:volume/vol-0f212c4c17b28c1a0" -> null
      - availability_zone    = "eu-west-1a" -> null
      - encrypted            = true -> null
      - final_snapshot       = false -> null
      - id                   = "vol-0f212c4c17b28c1a0" -> null
      - iops                 = 100 -> null
      - kms_key_id           = "arn:aws:kms:eu-west-1:575108919391:key/30bb257e-e6f7-420a-9644-c319d1cd69a0" -> null
      - multi_attach_enabled = false -> null
      - size                 = 1 -> null
      - tags                 = {
          - "Environment" = "driftfinder-experiment"
          - "IaCTool"     = "terraform"
          - "Name"        = "driftfinder-ebs-test"
        } -> null
      - tags_all             = {
          - "Environment" = "driftfinder-experiment"
          - "IaCTool"     = "terraform"
          - "Name"        = "driftfinder-ebs-test"
        } -> null
      - throughput           = 0 -> null
      - type                 = "gp2" -> null
        # (2 unchanged attributes hidden)
    }

  # aws_iam_policy.driftfinder_test will be destroyed
  - resource "aws_iam_policy" "driftfinder_test" {
      - arn              = "arn:aws:iam::575108919391:policy/driftfinder-iam-test" -> null
      - attachment_count = 0 -> null
      - description      = "DriftFinder experiment IAM policy - compliant baseline" -> null
      - id               = "arn:aws:iam::575108919391:policy/driftfinder-iam-test" -> null
      - name             = "driftfinder-iam-test" -> null
      - path             = "/" -> null
      - policy           = jsonencode(
            {
              - Statement = [
                  - {
                      - Action   = [
                          - "s3:GetObject",
                          - "s3:ListBucket",
                        ]
                      - Effect   = "Allow"
                      - Resource = [
                          - "arn:aws:s3:::driftfinder-*",
                          - "arn:aws:s3:::driftfinder-*/*",
                        ]
                      - Sid      = "AllowS3ReadOnly"
                    },
                  - {
                      - Action   = [
                          - "s3:DeleteObject",
                          - "s3:DeleteBucket",
                        ]
                      - Effect   = "Deny"
                      - Resource = "*"
                      - Sid      = "ExplicitDenyDestructive"
                    },
                ]
              - Version   = "2012-10-17"
            }
        ) -> null
      - policy_id        = "ANPAYLZZJWBPSBV6ITMO3" -> null
      - tags             = {
          - "Environment" = "driftfinder-experiment"
          - "IaCTool"     = "terraform"
          - "Name"        = "driftfinder-iam-test"
        } -> null
      - tags_all         = {
          - "Environment" = "driftfinder-experiment"
          - "IaCTool"     = "terraform"
          - "Name"        = "driftfinder-iam-test"
        } -> null
        # (1 unchanged attribute hidden)
    }

  # aws_iam_role.cloudtrail_cw will be destroyed
  - resource "aws_iam_role" "cloudtrail_cw" {
      - arn                   = "arn:aws:iam::575108919391:role/driftfinder-cloudtrail-cw-tf" -> null
      - assume_role_policy    = jsonencode(
            {
              - Statement = [
                  - {
                      - Action    = "sts:AssumeRole"
                      - Effect    = "Allow"
                      - Principal = {
                          - Service = "cloudtrail.amazonaws.com"
                        }
                    },
                ]
              - Version   = "2012-10-17"
            }
        ) -> null
      - create_date           = "2026-10-08T07:37:44Z" -> null
      - force_detach_policies = false -> null
      - id                    = "driftfinder-cloudtrail-cw-tf" -> null
      - managed_policy_arns   = [] -> null
      - max_session_duration  = 3600 -> null
      - name                  = "driftfinder-cloudtrail-cw-tf" -> null
      - path                  = "/" -> null
      - tags                  = {} -> null
      - tags_all              = {} -> null
      - unique_id             = "AROAYLZZJWBPRRH6QJGCC" -> null
        # (3 unchanged attributes hidden)

      - inline_policy {
          - name   = "driftfinder-cloudtrail-cw-policy-tf" -> null
          - policy = jsonencode(
                {
                  - Statement = [
                      - {
                          - Action   = [
                              - "logs:CreateLogStream",
                              - "logs:PutLogEvents",
                            ]
                          - Effect   = "Allow"
                          - Resource = "arn:aws:logs:eu-west-1:575108919391:log-group:/driftfinder/cloudtrail-tf:*"
                        },
                    ]
                  - Version   = "2012-10-17"
                }
            ) -> null
        }
    }

  # aws_iam_role.flow_logs will be destroyed
  - resource "aws_iam_role" "flow_logs" {
      - arn                   = "arn:aws:iam::575108919391:role/driftfinder-flow-logs-tf" -> null
      - assume_role_policy    = jsonencode(
            {
              - Statement = [
                  - {
                      - Action    = "sts:AssumeRole"
                      - Effect    = "Allow"
                      - Principal = {
                          - Service = "vpc-flow-logs.amazonaws.com"
                        }
                    },
                ]
              - Version   = "2012-10-17"
            }
        ) -> null
      - create_date           = "2026-10-08T07:37:43Z" -> null
      - force_detach_policies = false -> null
      - id                    = "driftfinder-flow-logs-tf" -> null
      - managed_policy_arns   = [] -> null
      - max_session_duration  = 3600 -> null
      - name                  = "driftfinder-flow-logs-tf" -> null
      - path                  = "/" -> null
      - tags                  = {} -> null
      - tags_all              = {} -> null
      - unique_id             = "AROAYLZZJWBPXHJK4RILF" -> null
        # (3 unchanged attributes hidden)

      - inline_policy {
          - name   = "driftfinder-flow-logs-policy-tf" -> null
          - policy = jsonencode(
                {
                  - Statement = [
                      - {
                          - Action   = [
                              - "logs:CreateLogGroup",
                              - "logs:CreateLogStream",
                              - "logs:PutLogEvents",
                              - "logs:DescribeLogGroups",
                              - "logs:DescribeLogStreams",
                            ]
                          - Effect   = "Allow"
                          - Resource = "*"
                        },
                    ]
                  - Version   = "2012-10-17"
                }
            ) -> null
        }
    }

  # aws_iam_role_policy.cloudtrail_cw will be destroyed
  - resource "aws_iam_role_policy" "cloudtrail_cw" {
      - id          = "driftfinder-cloudtrail-cw-tf:driftfinder-cloudtrail-cw-policy-tf" -> null
      - name        = "driftfinder-cloudtrail-cw-policy-tf" -> null
      - policy      = jsonencode(
            {
              - Statement = [
                  - {
                      - Action   = [
                          - "logs:CreateLogStream",
                          - "logs:PutLogEvents",
                        ]
                      - Effect   = "Allow"
                      - Resource = "arn:aws:logs:eu-west-1:575108919391:log-group:/driftfinder/cloudtrail-tf:*"
                    },
                ]
              - Version   = "2012-10-17"
            }
        ) -> null
      - role        = "driftfinder-cloudtrail-cw-tf" -> null
        # (1 unchanged attribute hidden)
    }

  # aws_iam_role_policy.flow_logs will be destroyed
  - resource "aws_iam_role_policy" "flow_logs" {
      - id          = "driftfinder-flow-logs-tf:driftfinder-flow-logs-policy-tf" -> null
      - name        = "driftfinder-flow-logs-policy-tf" -> null
      - policy      = jsonencode(
            {
              - Statement = [
                  - {
                      - Action   = [
                          - "logs:CreateLogGroup",
                          - "logs:CreateLogStream",
                          - "logs:PutLogEvents",
                          - "logs:DescribeLogGroups",
                          - "logs:DescribeLogStreams",
                        ]
                      - Effect   = "Allow"
                      - Resource = "*"
                    },
                ]
              - Version   = "2012-10-17"
            }
        ) -> null
      - role        = "driftfinder-flow-logs-tf" -> null
        # (1 unchanged attribute hidden)
    }

  # aws_kms_alias.driftfinder_test will be destroyed
  - resource "aws_kms_alias" "driftfinder_test" {
      - arn            = "arn:aws:kms:eu-west-1:575108919391:alias/driftfinder-test-terraform" -> null
      - id             = "alias/driftfinder-test-terraform" -> null
      - name           = "alias/driftfinder-test-terraform" -> null
      - target_key_arn = "arn:aws:kms:eu-west-1:575108919391:key/30bb257e-e6f7-420a-9644-c319d1cd69a0" -> null
      - target_key_id  = "30bb257e-e6f7-420a-9644-c319d1cd69a0" -> null
        # (1 unchanged attribute hidden)
    }

  # aws_kms_key.driftfinder_test will be destroyed
  - resource "aws_kms_key" "driftfinder_test" {
      - arn                                = "arn:aws:kms:eu-west-1:575108919391:key/30bb257e-e6f7-420a-9644-c319d1cd69a0" -> null
      - bypass_policy_lockout_safety_check = false -> null
      - customer_master_key_spec           = "SYMMETRIC_DEFAULT" -> null
      - deletion_window_in_days            = 7 -> null
      - description                        = "DriftFinder experiment KMS key" -> null
      - enable_key_rotation                = true -> null
      - id                                 = "30bb257e-e6f7-420a-9644-c319d1cd69a0" -> null
      - is_enabled                         = true -> null
      - key_id                             = "30bb257e-e6f7-420a-9644-c319d1cd69a0" -> null
      - key_usage                          = "ENCRYPT_DECRYPT" -> null
      - multi_region                       = false -> null
      - policy                             = jsonencode(
            {
              - Statement = [
                  - {
                      - Action    = "kms:*"
                      - Effect    = "Allow"
                      - Principal = {
                          - AWS = "arn:aws:iam::575108919391:root"
                        }
                      - Resource  = "*"
                      - Sid       = "Enable IAM User Permissions"
                    },
                  - {
                      - Action    = [
                          - "kms:GenerateDataKey*",
                          - "kms:DescribeKey",
                        ]
                      - Effect    = "Allow"
                      - Principal = {
                          - Service = "cloudtrail.amazonaws.com"
                        }
                      - Resource  = "*"
                      - Sid       = "Allow CloudTrail to encrypt logs"
                    },
                ]
              - Version   = "2012-10-17"
            }
        ) -> null
      - rotation_period_in_days            = 365 -> null
      - tags                               = {
          - "Environment" = "driftfinder-experiment"
          - "IaCTool"     = "terraform"
          - "Name"        = "driftfinder-kms-test"
        } -> null
      - tags_all                           = {
          - "Environment" = "driftfinder-experiment"
          - "IaCTool"     = "terraform"
          - "Name"        = "driftfinder-kms-test"
        } -> null
        # (2 unchanged attributes hidden)
    }

  # aws_s3_bucket.cloudtrail_logs will be destroyed
  - resource "aws_s3_bucket" "cloudtrail_logs" {
      - arn                         = "arn:aws:s3:::driftfinder-ct-logs-575108919391-tf" -> null
      - bucket                      = "driftfinder-ct-logs-575108919391-tf" -> null
      - bucket_domain_name          = "driftfinder-ct-logs-575108919391-tf.s3.amazonaws.com" -> null
      - bucket_regional_domain_name = "driftfinder-ct-logs-575108919391-tf.s3.eu-west-1.amazonaws.com" -> null
      - force_destroy               = true -> null
      - hosted_zone_id              = "Z1BKCTXD74EZPE" -> null
      - id                          = "driftfinder-ct-logs-575108919391-tf" -> null
      - object_lock_enabled         = false -> null
      - policy                      = jsonencode(
            {
              - Statement = [
                  - {
                      - Action    = "s3:GetBucketAcl"
                      - Effect    = "Allow"
                      - Principal = {
                          - Service = "cloudtrail.amazonaws.com"
                        }
                      - Resource  = "arn:aws:s3:::driftfinder-ct-logs-575108919391-tf"
                      - Sid       = "AWSCloudTrailAclCheck"
                    },
                  - {
                      - Action    = "s3:PutObject"
                      - Condition = {
                          - StringEquals = {
                              - "s3:x-amz-acl" = "bucket-owner-full-control"
                            }
                        }
                      - Effect    = "Allow"
                      - Principal = {
                          - Service = "cloudtrail.amazonaws.com"
                        }
                      - Resource  = "arn:aws:s3:::driftfinder-ct-logs-575108919391-tf/AWSLogs/575108919391/*"
                      - Sid       = "AWSCloudTrailWrite"
                    },
                ]
              - Version   = "2012-10-17"
            }
        ) -> null
      - region                      = "eu-west-1" -> null
      - request_payer               = "BucketOwner" -> null
      - tags                        = {
          - "Name" = "driftfinder-cloudtrail-logs-tf"
        } -> null
      - tags_all                    = {
          - "Name" = "driftfinder-cloudtrail-logs-tf"
        } -> null
        # (2 unchanged attributes hidden)

      - grant {
          - id          = "4828a2d5fe544245eae9b50b9adc363a601f687832e3d61ca4b79e1250409024" -> null
          - permissions = [
              - "FULL_CONTROL",
            ] -> null
          - type        = "CanonicalUser" -> null
            # (1 unchanged attribute hidden)
        }

      - server_side_encryption_configuration {
          - rule {
              - bucket_key_enabled = false -> null

              - apply_server_side_encryption_by_default {
                  - sse_algorithm     = "AES256" -> null
                    # (1 unchanged attribute hidden)
                }
            }
        }

      - versioning {
          - enabled    = false -> null
          - mfa_delete = false -> null
        }
    }

  # aws_s3_bucket.driftfinder_test will be destroyed
  - resource "aws_s3_bucket" "driftfinder_test" {
      - arn                         = "arn:aws:s3:::driftfinder-s3-test-575108919391-tf" -> null
      - bucket                      = "driftfinder-s3-test-575108919391-tf" -> null
      - bucket_domain_name          = "driftfinder-s3-test-575108919391-tf.s3.amazonaws.com" -> null
      - bucket_regional_domain_name = "driftfinder-s3-test-575108919391-tf.s3.eu-west-1.amazonaws.com" -> null
      - force_destroy               = true -> null
      - hosted_zone_id              = "Z1BKCTXD74EZPE" -> null
      - id                          = "driftfinder-s3-test-575108919391-tf" -> null
      - object_lock_enabled         = false -> null
      - region                      = "eu-west-1" -> null
      - request_payer               = "BucketOwner" -> null
      - tags                        = {
          - "Environment" = "driftfinder-experiment"
          - "IaCTool"     = "terraform"
          - "Name"        = "driftfinder-s3-test"
        } -> null
      - tags_all                    = {
          - "Environment" = "driftfinder-experiment"
          - "IaCTool"     = "terraform"
          - "Name"        = "driftfinder-s3-test"
        } -> null
        # (3 unchanged attributes hidden)

      - grant {
          - id          = "4828a2d5fe544245eae9b50b9adc363a601f687832e3d61ca4b79e1250409024" -> null
          - permissions = [
              - "FULL_CONTROL",
            ] -> null
          - type        = "CanonicalUser" -> null
            # (1 unchanged attribute hidden)
        }

      - logging {
          - target_bucket = "driftfinder-ct-logs-575108919391-tf" -> null
          - target_prefix = "s3-access-logs/" -> null
        }

      - server_side_encryption_configuration {
          - rule {
              - bucket_key_enabled = false -> null

              - apply_server_side_encryption_by_default {
                  - sse_algorithm     = "AES256" -> null
                    # (1 unchanged attribute hidden)
                }
            }
        }

      - versioning {
          - enabled    = true -> null
          - mfa_delete = false -> null
        }
    }

  # aws_s3_bucket_logging.driftfinder_test will be destroyed
  - resource "aws_s3_bucket_logging" "driftfinder_test" {
      - bucket                = "driftfinder-s3-test-575108919391-tf" -> null
      - id                    = "driftfinder-s3-test-575108919391-tf" -> null
      - target_bucket         = "driftfinder-ct-logs-575108919391-tf" -> null
      - target_prefix         = "s3-access-logs/" -> null
        # (1 unchanged attribute hidden)
    }

  # aws_s3_bucket_policy.cloudtrail_logs will be destroyed
  - resource "aws_s3_bucket_policy" "cloudtrail_logs" {
      - bucket = "driftfinder-ct-logs-575108919391-tf" -> null
      - id     = "driftfinder-ct-logs-575108919391-tf" -> null
      - policy = jsonencode(
            {
              - Statement = [
                  - {
                      - Action    = "s3:GetBucketAcl"
                      - Effect    = "Allow"
                      - Principal = {
                          - Service = "cloudtrail.amazonaws.com"
                        }
                      - Resource  = "arn:aws:s3:::driftfinder-ct-logs-575108919391-tf"
                      - Sid       = "AWSCloudTrailAclCheck"
                    },
                  - {
                      - Action    = "s3:PutObject"
                      - Condition = {
                          - StringEquals = {
                              - "s3:x-amz-acl" = "bucket-owner-full-control"
                            }
                        }
                      - Effect    = "Allow"
                      - Principal = {
                          - Service = "cloudtrail.amazonaws.com"
                        }
                      - Resource  = "arn:aws:s3:::driftfinder-ct-logs-575108919391-tf/AWSLogs/575108919391/*"
                      - Sid       = "AWSCloudTrailWrite"
                    },
                ]
              - Version   = "2012-10-17"
            }
        ) -> null
    }

  # aws_s3_bucket_public_access_block.cloudtrail_logs will be destroyed
  - resource "aws_s3_bucket_public_access_block" "cloudtrail_logs" {
      - block_public_acls       = true -> null
      - block_public_policy     = true -> null
      - bucket                  = "driftfinder-ct-logs-575108919391-tf" -> null
      - id                      = "driftfinder-ct-logs-575108919391-tf" -> null
      - ignore_public_acls      = true -> null
      - restrict_public_buckets = true -> null
    }

  # aws_s3_bucket_public_access_block.driftfinder_test will be destroyed
  - resource "aws_s3_bucket_public_access_block" "driftfinder_test" {
      - block_public_acls       = true -> null
      - block_public_policy     = true -> null
      - bucket                  = "driftfinder-s3-test-575108919391-tf" -> null
      - id                      = "driftfinder-s3-test-575108919391-tf" -> null
      - ignore_public_acls      = true -> null
      - restrict_public_buckets = true -> null
    }

  # aws_s3_bucket_server_side_encryption_configuration.driftfinder_test will be destroyed
  - resource "aws_s3_bucket_server_side_encryption_configuration" "driftfinder_test" {
      - bucket                = "driftfinder-s3-test-575108919391-tf" -> null
      - id                    = "driftfinder-s3-test-575108919391-tf" -> null
        # (1 unchanged attribute hidden)

      - rule {
          - bucket_key_enabled = false -> null

          - apply_server_side_encryption_by_default {
              - sse_algorithm     = "AES256" -> null
                # (1 unchanged attribute hidden)
            }
        }
    }

  # aws_s3_bucket_versioning.driftfinder_test will be destroyed
  - resource "aws_s3_bucket_versioning" "driftfinder_test" {
      - bucket                = "driftfinder-s3-test-575108919391-tf" -> null
      - id                    = "driftfinder-s3-test-575108919391-tf" -> null
        # (1 unchanged attribute hidden)

      - versioning_configuration {
          - status     = "Enabled" -> null
            # (1 unchanged attribute hidden)
        }
    }

  # aws_security_group.driftfinder_test will be destroyed
  - resource "aws_security_group" "driftfinder_test" {
      - arn                    = "arn:aws:ec2:eu-west-1:575108919391:security-group/sg-0b158f112746d8285" -> null
      - description            = "DriftFinder experiment security group - compliant baseline" -> null
      - egress                 = [
          - {
              - cidr_blocks      = [
                  - "0.0.0.0/0",
                ]
              - description      = "HTTPS outbound only"
              - from_port        = 443
              - ipv6_cidr_blocks = []
              - prefix_list_ids  = []
              - protocol         = "tcp"
              - security_groups  = []
              - self             = false
              - to_port          = 443
            },
        ] -> null
      - id                     = "sg-0b158f112746d8285" -> null
      - ingress                = [
          - {
              - cidr_blocks      = [
                  - "10.0.0.0/8",
                ]
              - description      = "HTTPS from internal only"
              - from_port        = 443
              - ipv6_cidr_blocks = []
              - prefix_list_ids  = []
              - protocol         = "tcp"
              - security_groups  = []
              - self             = false
              - to_port          = 443
            },
        ] -> null
      - name                   = "driftfinder-sg-test" -> null
      - owner_id               = "575108919391" -> null
      - revoke_rules_on_delete = false -> null
      - tags                   = {
          - "Environment" = "driftfinder-experiment"
          - "IaCTool"     = "terraform"
          - "Name"        = "driftfinder-sg-test"
        } -> null
      - tags_all               = {
          - "Environment" = "driftfinder-experiment"
          - "IaCTool"     = "terraform"
          - "Name"        = "driftfinder-sg-test"
        } -> null
      - vpc_id                 = "vpc-0f5849a615bf0681a" -> null
        # (1 unchanged attribute hidden)
    }

  # aws_subnet.a will be destroyed
  - resource "aws_subnet" "a" {
      - arn                                            = "arn:aws:ec2:eu-west-1:575108919391:subnet/subnet-03ef86047368e86a5" -> null
      - assign_ipv6_address_on_creation                = false -> null
      - availability_zone                              = "eu-west-1a" -> null
      - availability_zone_id                           = "euw1-az2" -> null
      - cidr_block                                     = "10.100.1.0/24" -> null
      - enable_dns64                                   = false -> null
      - enable_lni_at_device_index                     = 0 -> null
      - enable_resource_name_dns_a_record_on_launch    = false -> null
      - enable_resource_name_dns_aaaa_record_on_launch = false -> null
      - id                                             = "subnet-03ef86047368e86a5" -> null
      - ipv6_native                                    = false -> null
      - map_customer_owned_ip_on_launch                = false -> null
      - map_public_ip_on_launch                        = false -> null
      - owner_id                                       = "575108919391" -> null
      - private_dns_hostname_type_on_launch            = "ip-name" -> null
      - tags                                           = {
          - "Name" = "driftfinder-subnet-a"
        } -> null
      - tags_all                                       = {
          - "Name" = "driftfinder-subnet-a"
        } -> null
      - vpc_id                                         = "vpc-0f5849a615bf0681a" -> null
        # (4 unchanged attributes hidden)
    }

  # aws_subnet.b will be destroyed
  - resource "aws_subnet" "b" {
      - arn                                            = "arn:aws:ec2:eu-west-1:575108919391:subnet/subnet-09a89efe8f2052fd3" -> null
      - assign_ipv6_address_on_creation                = false -> null
      - availability_zone                              = "eu-west-1b" -> null
      - availability_zone_id                           = "euw1-az3" -> null
      - cidr_block                                     = "10.100.2.0/24" -> null
      - enable_dns64                                   = false -> null
      - enable_lni_at_device_index                     = 0 -> null
      - enable_resource_name_dns_a_record_on_launch    = false -> null
      - enable_resource_name_dns_aaaa_record_on_launch = false -> null
      - id                                             = "subnet-09a89efe8f2052fd3" -> null
      - ipv6_native                                    = false -> null
      - map_customer_owned_ip_on_launch                = false -> null
      - map_public_ip_on_launch                        = false -> null
      - owner_id                                       = "575108919391" -> null
      - private_dns_hostname_type_on_launch            = "ip-name" -> null
      - tags                                           = {
          - "Name" = "driftfinder-subnet-b"
        } -> null
      - tags_all                                       = {
          - "Name" = "driftfinder-subnet-b"
        } -> null
      - vpc_id                                         = "vpc-0f5849a615bf0681a" -> null
        # (4 unchanged attributes hidden)
    }

  # aws_vpc.driftfinder_test will be destroyed
  - resource "aws_vpc" "driftfinder_test" {
      - arn                                  = "arn:aws:ec2:eu-west-1:575108919391:vpc/vpc-0f5849a615bf0681a" -> null
      - assign_generated_ipv6_cidr_block     = false -> null
      - cidr_block                           = "10.100.0.0/16" -> null
      - default_network_acl_id               = "acl-0ca3576b3b653f5d4" -> null
      - default_route_table_id               = "rtb-037c76b252a6fcb5b" -> null
      - default_security_group_id            = "sg-0cb0532c3bd763e8b" -> null
      - dhcp_options_id                      = "dopt-0c668ccd421b713be" -> null
      - enable_dns_hostnames                 = true -> null
      - enable_dns_support                   = true -> null
      - enable_network_address_usage_metrics = false -> null
      - id                                   = "vpc-0f5849a615bf0681a" -> null
      - instance_tenancy                     = "default" -> null
      - ipv6_netmask_length                  = 0 -> null
      - main_route_table_id                  = "rtb-037c76b252a6fcb5b" -> null
      - owner_id                             = "575108919391" -> null
      - tags                                 = {
          - "Environment" = "driftfinder-experiment"
          - "IaCTool"     = "terraform"
          - "Name"        = "driftfinder-vpc-test"
        } -> null
      - tags_all                             = {
          - "Environment" = "driftfinder-experiment"
          - "IaCTool"     = "terraform"
          - "Name"        = "driftfinder-vpc-test"
        } -> null
        # (4 unchanged attributes hidden)
    }

Plan: 0 to add, 0 to change, 27 to destroy.

Changes to Outputs:
  - cloudtrail_cw_log_group_arn = "arn:aws:logs:eu-west-1:575108919391:log-group:/driftfinder/cloudtrail-tf:*" -> null
  - cloudtrail_cw_role_arn      = "arn:aws:iam::575108919391:role/driftfinder-cloudtrail-cw-tf" -> null
  - cloudtrail_name             = "driftfinder-trail-test" -> null
  - ct_log_bucket_name          = "driftfinder-ct-logs-575108919391-tf" -> null
  - ebs_volume_id               = "vol-0f212c4c17b28c1a0" -> null
  - flow_log_role_arn           = "arn:aws:iam::575108919391:role/driftfinder-flow-logs-tf" -> null
  - iam_policy_arn              = "arn:aws:iam::575108919391:policy/driftfinder-iam-test" -> null
  - kms_key_arn                 = "arn:aws:kms:eu-west-1:575108919391:key/30bb257e-e6f7-420a-9644-c319d1cd69a0" -> null
  - kms_key_id                  = "30bb257e-e6f7-420a-9644-c319d1cd69a0" -> null
  - rds_instance_id             = "driftfinder-rds-test" -> null
  - s3_bucket_name              = "driftfinder-s3-test-575108919391-tf" -> null
  - security_group_id           = "sg-0b158f112746d8285" -> null
  - vpc_flow_log_group_name     = "/driftfinder/vpc-flow-logs-tf" -> null
  - vpc_id                      = "vpc-0f5849a615bf0681a" -> null
aws_default_security_group.driftfinder_test: Destroying... [id=sg-0cb0532c3bd763e8b]
aws_iam_role_policy.cloudtrail_cw: Destroying... [id=driftfinder-cloudtrail-cw-tf:driftfinder-cloudtrail-cw-policy-tf]
aws_s3_bucket_public_access_block.driftfinder_test: Destroying... [id=driftfinder-s3-test-575108919391-tf]
aws_default_network_acl.driftfinder_test: Destroying... [id=acl-0ca3576b3b653f5d4]
aws_s3_bucket_logging.driftfinder_test: Destroying... [id=driftfinder-s3-test-575108919391-tf]
aws_kms_alias.driftfinder_test: Destroying... [id=alias/driftfinder-test-terraform]
aws_iam_policy.driftfinder_test: Destroying... [id=arn:aws:iam::575108919391:policy/driftfinder-iam-test]
aws_cloudtrail.driftfinder_test: Destroying... [id=arn:aws:cloudtrail:eu-west-1:575108919391:trail/driftfinder-trail-test]
aws_db_instance.driftfinder_test: Destroying... [id=db-LO6UGXTTPV6OYYV76WFLVRWWEI]
aws_s3_bucket_server_side_encryption_configuration.driftfinder_test: Destroying... [id=driftfinder-s3-test-575108919391-tf]
aws_default_network_acl.driftfinder_test: Destruction complete after 0s
aws_default_security_group.driftfinder_test: Destruction complete after 0s
aws_ebs_volume.driftfinder_test: Destroying... [id=vol-0f212c4c17b28c1a0]
aws_cloudwatch_log_group.flow_logs: Destroying... [id=/driftfinder/vpc-flow-logs-tf]
aws_s3_bucket_logging.driftfinder_test: Destruction complete after 2s
aws_s3_bucket_versioning.driftfinder_test: Destroying... [id=driftfinder-s3-test-575108919391-tf]
aws_s3_bucket_server_side_encryption_configuration.driftfinder_test: Destruction complete after 3s
aws_cloudtrail.driftfinder_test: Destruction complete after 3s
aws_cloudwatch_log_group.flow_logs: Destruction complete after 3s
aws_iam_role_policy.flow_logs: Destroying... [id=driftfinder-flow-logs-tf:driftfinder-flow-logs-policy-tf]
aws_s3_bucket_public_access_block.driftfinder_test: Destruction complete after 3s
aws_s3_bucket_policy.cloudtrail_logs: Destroying... [id=driftfinder-ct-logs-575108919391-tf]
aws_s3_bucket_versioning.driftfinder_test: Destruction complete after 2s
aws_s3_bucket.driftfinder_test: Destroying... [id=driftfinder-s3-test-575108919391-tf]
aws_kms_alias.driftfinder_test: Destruction complete after 4s
aws_iam_role_policy.cloudtrail_cw: Destruction complete after 6s
aws_cloudwatch_log_group.cloudtrail: Destroying... [id=/driftfinder/cloudtrail-tf]
aws_iam_role.cloudtrail_cw: Destroying... [id=driftfinder-cloudtrail-cw-tf]
aws_s3_bucket_policy.cloudtrail_logs: Destruction complete after 3s
aws_s3_bucket.driftfinder_test: Destruction complete after 2s
aws_s3_bucket_public_access_block.cloudtrail_logs: Destroying... [id=driftfinder-ct-logs-575108919391-tf]
aws_cloudwatch_log_group.cloudtrail: Destruction complete after 0s
aws_iam_role_policy.flow_logs: Destruction complete after 3s
aws_iam_role.flow_logs: Destroying... [id=driftfinder-flow-logs-tf]
aws_iam_policy.driftfinder_test: Destruction complete after 6s
aws_s3_bucket_public_access_block.cloudtrail_logs: Destruction complete after 0s
aws_s3_bucket.cloudtrail_logs: Destroying... [id=driftfinder-ct-logs-575108919391-tf]
aws_iam_role.cloudtrail_cw: Destruction complete after 2s
aws_iam_role.flow_logs: Destruction complete after 2s
aws_db_instance.driftfinder_test: Still destroying... [id=db-LO6UGXTTPV6OYYV76WFLVRWWEI, 00m10s elapsed]
aws_ebs_volume.driftfinder_test: Still destroying... [id=vol-0f212c4c17b28c1a0, 00m10s elapsed]
aws_ebs_volume.driftfinder_test: Destruction complete after 14s
aws_s3_bucket.cloudtrail_logs: Still destroying... [id=driftfinder-ct-logs-575108919391-tf, 00m10s elapsed]
aws_db_instance.driftfinder_test: Still destroying... [id=db-LO6UGXTTPV6OYYV76WFLVRWWEI, 00m20s elapsed]
aws_s3_bucket.cloudtrail_logs: Still destroying... [id=driftfinder-ct-logs-575108919391-tf, 00m20s elapsed]
aws_s3_bucket.cloudtrail_logs: Destruction complete after 23s
aws_db_instance.driftfinder_test: Still destroying... [id=db-LO6UGXTTPV6OYYV76WFLVRWWEI, 00m30s elapsed]
aws_db_instance.driftfinder_test: Still destroying... [id=db-LO6UGXTTPV6OYYV76WFLVRWWEI, 00m40s elapsed]
aws_db_instance.driftfinder_test: Still destroying... [id=db-LO6UGXTTPV6OYYV76WFLVRWWEI, 00m50s elapsed]
aws_db_instance.driftfinder_test: Still destroying... [id=db-LO6UGXTTPV6OYYV76WFLVRWWEI, 01m00s elapsed]
aws_db_instance.driftfinder_test: Still destroying... [id=db-LO6UGXTTPV6OYYV76WFLVRWWEI, 01m10s elapsed]
aws_db_instance.driftfinder_test: Still destroying... [id=db-LO6UGXTTPV6OYYV76WFLVRWWEI, 01m20s elapsed]
aws_db_instance.driftfinder_test: Still destroying... [id=db-LO6UGXTTPV6OYYV76WFLVRWWEI, 01m30s elapsed]
aws_db_instance.driftfinder_test: Still destroying... [id=db-LO6UGXTTPV6OYYV76WFLVRWWEI, 01m40s elapsed]
aws_db_instance.driftfinder_test: Still destroying... [id=db-LO6UGXTTPV6OYYV76WFLVRWWEI, 01m50s elapsed]
aws_db_instance.driftfinder_test: Destruction complete after 1m55s
aws_db_subnet_group.driftfinder_test: Destroying... [id=driftfinder-rds-subnet-group-tf]
aws_kms_key.driftfinder_test: Destroying... [id=30bb257e-e6f7-420a-9644-c319d1cd69a0]
aws_security_group.driftfinder_test: Destroying... [id=sg-0b158f112746d8285]
aws_db_subnet_group.driftfinder_test: Destruction complete after 2s
aws_subnet.a: Destroying... [id=subnet-03ef86047368e86a5]
aws_subnet.b: Destroying... [id=subnet-09a89efe8f2052fd3]
aws_kms_key.driftfinder_test: Destruction complete after 3s
aws_subnet.b: Destruction complete after 2s
aws_subnet.a: Destruction complete after 2s
aws_security_group.driftfinder_test: Destruction complete after 6s
aws_vpc.driftfinder_test: Destroying... [id=vpc-0f5849a615bf0681a]
aws_vpc.driftfinder_test: Destruction complete after 2s

Destroy complete! Resources: 27 destroyed.
[10:13:04] Teardown: CloudFormation
[10:16:16]   CloudFormation delete attempt 1 failed: driftfinder-experiment-cf: The following resource(s) failed to delete: [CloudTrailLogBucket]. ; CloudTrailLogBucket: Resource handler returned message: "The bucket you tried to delete is not empty (Service: S3, Status Code: 409, Request ID: S1VP67GQ12H4DDSQ, Extended Request ID: +/wP//xWCc1eeE1JBvERoWnE81/U0oaG2xnkZd4S0lIPFGYJ4d9jXzDiKgsfxB3b4bBT1QRggDaoBHrQw0cfAwelJ49BEAUP) (SDK Attempt Count: 1)" (RequestToken: 4a15a97a-33b2-d96b-21ea-39555c40d277, HandlerErrorCode: GeneralServiceException)
[10:16:54] Teardown: Pulumi
[10:16:54] $ pulumi destroy --stack driftfinder-experiment --yes --skip-preview --non-interactive
Destroying (driftfinder-experiment):
@ destroying....

@ destroying.........
 -  aws:rds:Instance driftfinder-rds-test deleting (0s) 
@ destroying.....................................................................................................................
 -  aws:rds:Instance driftfinder-rds-test deleted (114s) 
 -  aws:rds:SubnetGroup driftfinder-rds-subnet-group deleting (0s) 
 -  aws:cloudtrail:Trail driftfinder-trail-test deleting (0s) 
@ destroying.....
 -  aws:rds:SubnetGroup driftfinder-rds-subnet-group deleted (1s) 
 -  aws:cloudtrail:Trail driftfinder-trail-test deleted (1s) 
 -  aws:s3:BucketVersioningV2 driftfinder-s3-versioning deleting (0s) 
 -  aws:ec2:Subnet driftfinder-subnet-b deleting (0s) 
 -  aws:ebs:Volume driftfinder-ebs-test deleting (0s) 
 -  aws:iam:RolePolicy driftfinder-cloudtrail-cw-policy deleting (0s) 
 -  aws:s3:BucketPolicy ct-log-bucket-policy deleting (0s) 
 -  aws:kms:Alias driftfinder-kms-alias deleting (0s) 
 -  aws:ec2:SecurityGroup driftfinder-sg-test deleting (0s) 
 -  aws:s3:BucketPublicAccessBlock ct-log-public-access-block deleting (0s) 
 -  aws:s3:BucketPublicAccessBlock driftfinder-s3-pab deleting (0s) 
 -  aws:ec2:FlowLog driftfinder-flow-log deleting (0s) 
 -  aws:s3:BucketServerSideEncryptionConfigurationV2 driftfinder-s3-sse deleting (0s) 
 -  aws:s3:BucketLoggingV2 driftfinder-s3-logging deleting (0s) 
 -  aws:iam:RolePolicy driftfinder-flow-log-policy deleting (0s) 
 -  aws:ec2:Subnet driftfinder-subnet-a deleting (0s) 
 -  aws:ec2:DefaultSecurityGroup driftfinder-default-sg deleting (0s) 
 -  aws:ec2:DefaultNetworkAcl driftfinder-default-nacl deleting (0s) 
 -  aws:ec2:DefaultSecurityGroup driftfinder-default-sg deleted (0.14s) 
 -  aws:ec2:DefaultNetworkAcl driftfinder-default-nacl deleted (0.17s) 
@ destroying......
 -  aws:s3:BucketVersioningV2 driftfinder-s3-versioning deleted (3s) 
 -  aws:s3:BucketServerSideEncryptionConfigurationV2 driftfinder-s3-sse deleted (3s) 
@ destroying....
 -  aws:kms:Alias driftfinder-kms-alias deleted (4s) 
 -  aws:ec2:FlowLog driftfinder-flow-log deleted (4s) 
@ destroying....
 -  aws:ec2:Subnet driftfinder-subnet-b deleted (5s) 
 -  aws:ec2:Subnet driftfinder-subnet-a deleted (5s) 
 -  aws:s3:BucketLoggingV2 driftfinder-s3-logging deleted (5s) 
@ destroying.....
 -  aws:s3:BucketPublicAccessBlock driftfinder-s3-pab deleted (6s) 
@ destroying....
 -  aws:iam:RolePolicy driftfinder-cloudtrail-cw-policy deleted (7s) 
 -  aws:iam:RolePolicy driftfinder-flow-log-policy deleted (7s) 
 -  aws:ec2:SecurityGroup driftfinder-sg-test deleted (7s) 
 -  aws:s3:BucketPublicAccessBlock ct-log-public-access-block deleted (7s) 
 -  aws:s3:BucketPolicy ct-log-bucket-policy deleted (8s) 
@ destroying........
 -  aws:ebs:Volume driftfinder-ebs-test deleted (13s) 
 -  aws:cloudwatch:LogGroup driftfinder-vpc-flow-lg deleting (0s) 
 -  aws:iam:Role driftfinder-flow-log-role deleting (0s) 
 -  aws:kms:Key driftfinder-kms-test deleting (0s) 
 -  aws:cloudwatch:LogGroup driftfinder-cloudtrail-lg deleting (0s) 
 -  aws:iam:Policy driftfinder-iam-test deleting (0s) 
 -  aws:s3:Bucket driftfinder-ct-logs deleting (0s) 
 -  aws:iam:Role driftfinder-cloudtrail-cw-role deleting (0s) 
 -  aws:ec2:Vpc driftfinder-vpc-test deleting (0s) 
 -  aws:s3:Bucket driftfinder-s3-test deleting (0s) 
@ destroying......
 -  aws:iam:Policy driftfinder-iam-test deleted (2s) 
 -  aws:ec2:Vpc driftfinder-vpc-test deleted (2s) 
 -  aws:kms:Key driftfinder-kms-test deleted (2s) 
 -  aws:s3:Bucket driftfinder-s3-test deleted (2s) 
@ destroying....
 -  aws:cloudwatch:LogGroup driftfinder-cloudtrail-lg deleted (3s) 
 -  aws:iam:Role driftfinder-flow-log-role deleted (3s) 
 -  aws:cloudwatch:LogGroup driftfinder-vpc-flow-lg deleted (3s) 
 -  aws:iam:Role driftfinder-cloudtrail-cw-role deleted (3s) 
@ destroying..................
 -  aws:s3:Bucket driftfinder-ct-logs deleted (18s) 
 -  pulumi:pulumi:Stack driftfinder-experiment-driftfinder-experiment deleting (0s) 
 -  pulumi:pulumi:Stack driftfinder-experiment-driftfinder-experiment deleted (0.01s) 
    pulumi:pulumi:Stack driftfinder-experiment-driftfinder-experiment  
Resources:
    - 29 deleted

Duration: 2m35s

The resources in the stack have been deleted, but the history and configuration associated with the stack are still maintained. 
If you want to remove the stack completely, run `pulumi stack rm driftfinder-experiment`.
[10:19:32] Teardown: removing log groups recreated by in-flight log delivery
[10:19:33] Teardown: checking for leftover resources
[10:19:48] Teardown: complete, nothing left behind
